id,aeid,citation_id,pmid
1,1,209,16481145
2,1,210,23682706
3,2,209,16481145
4,2,210,23682706
5,3,225,20639501
6,4,225,20639501
7,5,225,20639501
8,6,225,20639501
9,7,225,20639501
10,8,225,20639501
11,9,225,20639501
12,10,225,20639501
13,11,225,20639501
14,12,225,20639501
15,13,225,20639501
16,14,225,20639501
17,15,225,20639501
18,16,225,20639501
19,17,225,20639501
20,18,225,20639501
21,19,225,20639501
22,20,225,20639501
23,21,225,20639501
24,22,225,20639501
25,23,225,20639501
26,24,225,20639501
27,25,225,20639501
28,26,225,20639501
29,27,225,20639501
30,28,225,20639501
31,29,225,20639501
32,30,225,20639501
33,31,225,20639501
34,32,225,20639501
35,33,225,20639501
36,34,225,20639501
37,35,225,20639501
38,36,225,20639501
39,37,225,20639501
40,38,225,20639501
41,39,225,20639501
42,40,225,20639501
43,41,225,20639501
44,42,225,20639501
45,43,225,20639501
46,44,225,20639501
47,45,225,20639501
48,46,225,20639501
49,47,225,20639501
50,48,225,20639501
51,49,225,20639501
52,50,225,20639501
53,51,225,20639501
54,52,225,20639501
55,53,225,20639501
56,54,225,20639501
57,55,225,20639501
58,56,225,20639501
59,57,225,20639501
60,58,225,20639501
61,59,225,20639501
62,60,225,20639501
63,61,225,20639501
64,62,225,20639501
65,63,211,18297081
66,63,212,20143881
67,1400,211,18297081
68,1400,212,20143881
69,64,211,18297081
70,64,212,20143881
71,1401,211,18297081
72,1401,212,20143881
73,65,211,18297081
74,65,212,20143881
75,1402,211,18297081
76,1402,212,20143881
77,66,211,18297081
78,66,212,20143881
79,1404,211,18297081
80,1404,212,20143881
81,67,211,18297081
82,67,212,20143881
83,1410,211,18297081
84,1410,212,20143881
85,68,211,18297081
86,68,212,20143881
87,1406,211,18297081
88,1406,212,20143881
89,69,211,18297081
90,69,212,20143881
91,1409,211,18297081
92,1409,212,20143881
93,70,211,18297081
94,70,212,20143881
95,1412,211,18297081
96,1412,212,20143881
97,71,211,18297081
98,71,212,20143881
99,1413,211,18297081
100,1413,212,20143881
101,72,211,18297081
102,72,212,20143881
103,1424,211,18297081
104,1424,212,20143881
105,73,211,18297081
106,73,212,20143881
107,1414,211,18297081
108,1414,212,20143881
109,74,211,18297081
110,74,212,20143881
111,1416,211,18297081
112,1416,212,20143881
113,75,211,18297081
114,75,212,20143881
115,1419,211,18297081
116,1419,212,20143881
117,76,211,18297081
118,76,212,20143881
119,1423,211,18297081
120,1423,212,20143881
121,77,211,18297081
122,77,212,20143881
123,1425,211,18297081
124,1425,212,20143881
125,78,211,18297081
126,78,212,20143881
127,1426,211,18297081
128,1426,212,20143881
129,79,211,18297081
130,79,212,20143881
131,1429,211,18297081
132,1429,212,20143881
133,80,211,18297081
134,80,212,20143881
135,1431,211,18297081
136,1431,212,20143881
137,81,211,18297081
138,81,212,20143881
139,1432,211,18297081
140,1432,212,20143881
141,82,211,18297081
142,82,212,20143881
143,1434,211,18297081
144,1434,212,20143881
145,83,211,18297081
146,83,212,20143881
147,1437,211,18297081
148,1437,212,20143881
149,84,211,18297081
150,84,212,20143881
151,1439,211,18297081
152,1439,212,20143881
153,85,211,18297081
154,85,212,20143881
155,1440,211,18297081
156,1440,212,20143881
157,86,211,18297081
158,86,212,20143881
159,1441,211,18297081
160,1441,212,20143881
161,87,211,18297081
162,87,212,20143881
163,1449,211,18297081
164,1449,212,20143881
165,88,211,18297081
166,88,212,20143881
167,1451,211,18297081
168,1451,212,20143881
169,89,211,18297081
170,89,212,20143881
171,1453,211,18297081
172,1453,212,20143881
173,90,211,18297081
174,90,212,20143881
175,1455,211,18297081
176,1455,212,20143881
177,91,211,18297081
178,91,212,20143881
179,1445,211,18297081
180,1445,212,20143881
181,92,211,18297081
182,92,212,20143881
183,1447,211,18297081
184,1447,212,20143881
185,93,211,18297081
186,93,212,20143881
187,1448,211,18297081
188,1448,212,20143881
189,94,211,18297081
190,94,212,20143881
191,1458,211,18297081
192,1458,212,20143881
193,95,211,18297081
194,95,212,20143881
195,1457,211,18297081
196,1457,212,20143881
197,96,211,18297081
198,96,212,20143881
199,1460,211,18297081
200,1460,212,20143881
201,97,211,18297081
202,97,212,20143881
203,1461,211,18297081
204,1461,212,20143881
205,98,211,18297081
206,98,212,20143881
207,1464,211,18297081
208,1464,212,20143881
209,99,211,18297081
210,99,212,20143881
211,1465,211,18297081
212,1465,212,20143881
213,100,211,18297081
214,100,212,20143881
215,1466,211,18297081
216,1466,212,20143881
217,101,211,18297081
218,101,212,20143881
219,1467,211,18297081
220,1467,212,20143881
221,102,211,18297081
222,102,212,20143881
223,1472,211,18297081
224,1472,212,20143881
225,103,211,18297081
226,103,212,20143881
227,1474,211,18297081
228,1474,212,20143881
229,104,211,18297081
230,104,212,20143881
231,1483,211,18297081
232,1483,212,20143881
233,105,211,18297081
234,105,212,20143881
235,1490,211,18297081
236,1490,212,20143881
237,106,211,18297081
238,106,212,20143881
239,1491,211,18297081
240,1491,212,20143881
241,107,211,18297081
242,107,212,20143881
243,1492,211,18297081
244,1492,212,20143881
245,108,211,18297081
246,108,212,20143881
247,1493,211,18297081
248,1493,212,20143881
249,109,211,18297081
250,109,212,20143881
251,1495,211,18297081
252,1495,212,20143881
253,110,211,18297081
254,110,212,20143881
255,1494,211,18297081
256,1494,212,20143881
257,111,211,18297081
258,111,212,20143881
259,1496,211,18297081
260,1496,212,20143881
261,112,211,18297081
262,112,212,20143881
263,1497,211,18297081
264,1497,212,20143881
265,113,211,18297081
266,113,212,20143881
267,1503,211,18297081
268,1503,212,20143881
269,114,211,18297081
270,114,212,20143881
271,1505,211,18297081
272,1505,212,20143881
273,115,211,18297081
274,115,212,20143881
275,1403,211,18297081
276,1403,212,20143881
277,116,211,18297081
278,116,212,20143881
279,1405,211,18297081
280,1405,212,20143881
281,117,211,18297081
282,117,212,20143881
283,1417,211,18297081
284,1417,212,20143881
285,118,211,18297081
286,118,212,20143881
287,1420,211,18297081
288,1420,212,20143881
289,119,211,18297081
290,119,212,20143881
291,1422,211,18297081
292,1422,212,20143881
293,120,211,18297081
294,120,212,20143881
295,1427,211,18297081
296,1427,212,20143881
297,121,211,18297081
298,121,212,20143881
299,1428,211,18297081
300,1428,212,20143881
301,122,211,18297081
302,122,212,20143881
303,1433,211,18297081
304,1433,212,20143881
305,123,211,18297081
306,123,212,20143881
307,1435,211,18297081
308,1435,212,20143881
309,124,211,18297081
310,124,212,20143881
311,1438,211,18297081
312,1438,212,20143881
313,125,211,18297081
314,125,212,20143881
315,1443,211,18297081
316,1443,212,20143881
317,126,211,18297081
318,126,212,20143881
319,1444,211,18297081
320,1444,212,20143881
321,127,211,18297081
322,127,212,20143881
323,1450,211,18297081
324,1450,212,20143881
325,128,211,18297081
326,128,212,20143881
327,1452,211,18297081
328,1452,212,20143881
329,129,211,18297081
330,129,212,20143881
331,1454,211,18297081
332,1454,212,20143881
333,130,211,18297081
334,130,212,20143881
335,1456,211,18297081
336,1456,212,20143881
337,131,211,18297081
338,131,212,20143881
339,1463,211,18297081
340,1463,212,20143881
341,132,211,18297081
342,132,212,20143881
343,1469,211,18297081
344,1469,212,20143881
345,133,211,18297081
346,133,212,20143881
347,1470,211,18297081
348,1470,212,20143881
349,134,211,18297081
350,134,212,20143881
351,1471,211,18297081
352,1471,212,20143881
353,135,211,18297081
354,135,212,20143881
355,1475,211,18297081
356,1475,212,20143881
357,136,211,18297081
358,136,212,20143881
359,1476,211,18297081
360,1476,212,20143881
361,137,211,18297081
362,137,212,20143881
363,1477,211,18297081
364,1477,212,20143881
365,138,211,18297081
366,138,212,20143881
367,1478,211,18297081
368,1478,212,20143881
369,139,211,18297081
370,139,212,20143881
371,1482,211,18297081
372,1482,212,20143881
373,140,211,18297081
374,140,212,20143881
375,1484,211,18297081
376,1484,212,20143881
377,141,211,18297081
378,141,212,20143881
379,1485,211,18297081
380,1485,212,20143881
381,142,211,18297081
382,142,212,20143881
383,1486,211,18297081
384,1486,212,20143881
385,143,211,18297081
386,143,212,20143881
387,1498,211,18297081
388,1498,212,20143881
389,144,211,18297081
390,144,212,20143881
391,1504,211,18297081
392,1504,212,20143881
393,145,213,19773588
394,145,214,24837663
395,145,228,15208272
396,145,229,15357924
397,146,213,19773588
398,146,214,24837663
399,146,228,15208272
400,146,229,15357924
401,147,213,19773588
402,147,214,24837663
403,147,228,15208272
404,147,229,15357924
405,148,213,19773588
406,148,214,24837663
407,148,228,15208272
408,148,229,15357924
409,149,213,19773588
410,149,214,24837663
411,149,228,15208272
412,149,229,15357924
413,150,213,19773588
414,150,214,24837663
415,150,228,15208272
416,150,229,15357924
417,151,213,19773588
418,151,214,24837663
419,151,228,15208272
420,151,229,15357924
421,152,213,19773588
422,152,214,24837663
423,152,228,15208272
424,152,229,15357924
425,153,213,19773588
426,153,214,24837663
427,153,228,15208272
428,153,229,15357924
429,154,213,19773588
430,154,214,24837663
431,154,228,15208272
432,154,229,15357924
433,155,213,19773588
434,155,214,24837663
435,155,228,15208272
436,155,229,15357924
437,156,213,19773588
438,156,214,24837663
439,156,228,15208272
440,156,229,15357924
441,157,213,19773588
442,157,214,24837663
443,157,228,15208272
444,157,229,15357924
445,158,213,19773588
446,158,214,24837663
447,158,228,15208272
448,158,229,15357924
449,159,213,19773588
450,159,214,24837663
451,159,228,15208272
452,159,229,15357924
453,160,213,19773588
454,160,214,24837663
455,160,228,15208272
456,160,229,15357924
457,161,213,19773588
458,161,214,24837663
459,161,228,15208272
460,161,229,15357924
461,162,213,19773588
462,162,214,24837663
463,162,228,15208272
464,162,229,15357924
465,163,213,19773588
466,163,214,24837663
467,163,228,15208272
468,163,229,15357924
469,164,213,19773588
470,164,214,24837663
471,164,228,15208272
472,164,229,15357924
473,165,213,19773588
474,165,214,24837663
475,165,228,15208272
476,165,229,15357924
477,166,213,19773588
478,166,214,24837663
479,166,228,15208272
480,166,229,15357924
481,167,213,19773588
482,167,214,24837663
483,167,228,15208272
484,167,229,15357924
485,168,213,19773588
486,168,214,24837663
487,168,228,15208272
488,168,229,15357924
489,169,213,19773588
490,169,214,24837663
491,169,228,15208272
492,169,229,15357924
493,170,213,19773588
494,170,214,24837663
495,170,228,15208272
496,170,229,15357924
497,171,213,19773588
498,171,214,24837663
499,171,228,15208272
500,171,229,15357924
501,172,213,19773588
502,172,214,24837663
503,172,228,15208272
504,172,229,15357924
505,173,213,19773588
506,173,214,24837663
507,173,228,15208272
508,173,229,15357924
509,174,213,19773588
510,174,214,24837663
511,174,228,15208272
512,174,229,15357924
513,175,213,19773588
514,175,214,24837663
515,175,228,15208272
516,175,229,15357924
517,176,213,19773588
518,176,214,24837663
519,176,228,15208272
520,176,229,15357924
521,177,213,19773588
522,177,214,24837663
523,177,228,15208272
524,177,229,15357924
525,178,213,19773588
526,178,214,24837663
527,178,228,15208272
528,178,229,15357924
529,179,213,19773588
530,179,214,24837663
531,179,228,15208272
532,179,229,15357924
533,180,213,19773588
534,180,214,24837663
535,180,228,15208272
536,180,229,15357924
537,181,213,19773588
538,181,214,24837663
539,181,228,15208272
540,181,229,15357924
541,182,213,19773588
542,182,214,24837663
543,182,228,15208272
544,182,229,15357924
545,183,213,19773588
546,183,214,24837663
547,183,228,15208272
548,183,229,15357924
549,184,213,19773588
550,184,214,24837663
551,184,228,15208272
552,184,229,15357924
553,185,213,19773588
554,185,214,24837663
555,185,228,15208272
556,185,229,15357924
557,186,213,19773588
558,186,214,24837663
559,186,228,15208272
560,186,229,15357924
561,187,213,19773588
562,187,214,24837663
563,187,228,15208272
564,187,229,15357924
565,188,213,19773588
566,188,214,24837663
567,188,228,15208272
568,188,229,15357924
569,189,213,19773588
570,189,214,24837663
571,189,228,15208272
572,189,229,15357924
573,190,213,19773588
574,190,214,24837663
575,190,228,15208272
576,190,229,15357924
577,191,213,19773588
578,191,214,24837663
579,191,228,15208272
580,191,229,15357924
581,192,213,19773588
582,192,214,24837663
583,192,228,15208272
584,192,229,15357924
585,193,213,19773588
586,193,214,24837663
587,193,228,15208272
588,193,229,15357924
589,194,213,19773588
590,194,214,24837663
591,194,228,15208272
592,194,229,15357924
593,195,213,19773588
594,195,214,24837663
595,195,228,15208272
596,195,229,15357924
597,196,213,19773588
598,196,214,24837663
599,196,228,15208272
600,196,229,15357924
601,197,213,19773588
602,197,214,24837663
603,197,228,15208272
604,197,229,15357924
605,198,213,19773588
606,198,214,24837663
607,198,228,15208272
608,198,229,15357924
609,199,213,19773588
610,199,214,24837663
611,199,228,15208272
612,199,229,15357924
613,200,213,19773588
614,200,214,24837663
615,200,228,15208272
616,200,229,15357924
617,201,213,19773588
618,201,214,24837663
619,201,228,15208272
620,201,229,15357924
621,202,213,19773588
622,202,214,24837663
623,202,228,15208272
624,202,229,15357924
625,203,213,19773588
626,203,214,24837663
627,203,228,15208272
628,203,229,15357924
629,204,213,19773588
630,204,214,24837663
631,204,228,15208272
632,204,229,15357924
633,205,213,19773588
634,205,214,24837663
635,205,228,15208272
636,205,229,15357924
637,206,213,19773588
638,206,214,24837663
639,206,228,15208272
640,206,229,15357924
641,207,213,19773588
642,207,214,24837663
643,207,228,15208272
644,207,229,15357924
645,208,213,19773588
646,208,214,24837663
647,208,228,15208272
648,208,229,15357924
649,209,213,19773588
650,209,214,24837663
651,209,228,15208272
652,209,229,15357924
653,210,213,19773588
654,210,214,24837663
655,210,228,15208272
656,210,229,15357924
657,211,213,19773588
658,211,214,24837663
659,211,228,15208272
660,211,229,15357924
661,212,213,19773588
662,212,214,24837663
663,212,228,15208272
664,212,229,15357924
665,213,213,19773588
666,213,214,24837663
667,213,228,15208272
668,213,229,15357924
669,214,213,19773588
670,214,214,24837663
671,214,228,15208272
672,214,229,15357924
673,215,213,19773588
674,215,214,24837663
675,215,228,15208272
676,215,229,15357924
677,216,213,19773588
678,216,214,24837663
679,216,228,15208272
680,216,229,15357924
681,217,213,19773588
682,217,214,24837663
683,217,228,15208272
684,217,229,15357924
685,218,213,19773588
686,218,214,24837663
687,218,228,15208272
688,218,229,15357924
689,219,213,19773588
690,219,214,24837663
691,219,228,15208272
692,219,229,15357924
693,220,213,19773588
694,220,214,24837663
695,220,228,15208272
696,220,229,15357924
697,221,213,19773588
698,221,214,24837663
699,221,228,15208272
700,221,229,15357924
701,222,213,19773588
702,222,214,24837663
703,222,228,15208272
704,222,229,15357924
705,223,213,19773588
706,223,214,24837663
707,223,228,15208272
708,223,229,15357924
709,224,213,19773588
710,224,214,24837663
711,224,228,15208272
712,224,229,15357924
713,225,213,19773588
714,225,214,24837663
715,225,228,15208272
716,225,229,15357924
717,226,213,19773588
718,226,214,24837663
719,226,228,15208272
720,226,229,15357924
721,227,213,19773588
722,227,214,24837663
723,227,228,15208272
724,227,229,15357924
725,228,213,19773588
726,228,214,24837663
727,228,228,15208272
728,228,229,15357924
729,229,213,19773588
730,229,214,24837663
731,229,228,15208272
732,229,229,15357924
733,230,213,19773588
734,230,214,24837663
735,230,228,15208272
736,230,229,15357924
737,231,213,19773588
738,231,214,24837663
739,231,228,15208272
740,231,229,15357924
741,232,213,19773588
742,232,214,24837663
743,232,228,15208272
744,232,229,15357924
745,233,213,19773588
746,233,214,24837663
747,233,228,15208272
748,233,229,15357924
749,234,213,19773588
750,234,214,24837663
751,234,228,15208272
752,234,229,15357924
753,235,213,19773588
754,235,214,24837663
755,235,228,15208272
756,235,229,15357924
757,236,213,19773588
758,236,214,24837663
759,236,228,15208272
760,236,229,15357924
761,237,213,19773588
762,237,214,24837663
763,237,228,15208272
764,237,229,15357924
765,238,213,19773588
766,238,214,24837663
767,238,228,15208272
768,238,229,15357924
769,239,213,19773588
770,239,214,24837663
771,239,228,15208272
772,239,229,15357924
773,240,213,19773588
774,240,214,24837663
775,240,228,15208272
776,240,229,15357924
777,241,213,19773588
778,241,214,24837663
779,241,228,15208272
780,241,229,15357924
781,242,213,19773588
782,242,214,24837663
783,242,228,15208272
784,242,229,15357924
785,243,213,19773588
786,243,214,24837663
787,243,228,15208272
788,243,229,15357924
789,244,213,19773588
790,244,214,24837663
791,244,228,15208272
792,244,229,15357924
793,245,213,19773588
794,245,214,24837663
795,245,228,15208272
796,245,229,15357924
797,246,213,19773588
798,246,214,24837663
799,246,228,15208272
800,246,229,15357924
801,247,213,19773588
802,247,214,24837663
803,247,228,15208272
804,247,229,15357924
805,248,213,19773588
806,248,214,24837663
807,248,228,15208272
808,248,229,15357924
809,249,213,19773588
810,249,214,24837663
811,249,228,15208272
812,249,229,15357924
813,250,213,19773588
814,250,214,24837663
815,250,228,15208272
816,250,229,15357924
817,251,213,19773588
818,251,214,24837663
819,251,228,15208272
820,251,229,15357924
821,252,213,19773588
822,252,214,24837663
823,252,228,15208272
824,252,229,15357924
825,253,213,19773588
826,253,214,24837663
827,253,228,15208272
828,253,229,15357924
829,254,213,19773588
830,254,214,24837663
831,254,228,15208272
832,254,229,15357924
833,255,213,19773588
834,255,214,24837663
835,255,228,15208272
836,255,229,15357924
837,256,213,19773588
838,256,214,24837663
839,256,228,15208272
840,256,229,15357924
841,257,213,19773588
842,257,214,24837663
843,257,228,15208272
844,257,229,15357924
845,258,213,19773588
846,258,214,24837663
847,258,228,15208272
848,258,229,15357924
849,259,213,19773588
850,259,214,24837663
851,259,228,15208272
852,259,229,15357924
853,260,213,19773588
854,260,214,24837663
855,260,228,15208272
856,260,229,15357924
857,261,213,19773588
858,261,214,24837663
859,261,228,15208272
860,261,229,15357924
861,262,213,19773588
862,262,214,24837663
863,262,228,15208272
864,262,229,15357924
865,263,213,19773588
866,263,214,24837663
867,263,228,15208272
868,263,229,15357924
869,264,213,19773588
870,264,214,24837663
871,264,228,15208272
872,264,229,15357924
873,265,213,19773588
874,265,214,24837663
875,265,228,15208272
876,265,229,15357924
877,266,213,19773588
878,266,214,24837663
879,266,228,15208272
880,266,229,15357924
881,267,213,19773588
882,267,214,24837663
883,267,228,15208272
884,267,229,15357924
885,268,213,19773588
886,268,214,24837663
887,268,228,15208272
888,268,229,15357924
889,269,213,19773588
890,269,214,24837663
891,269,228,15208272
892,269,229,15357924
893,270,213,19773588
894,270,214,24837663
895,270,228,15208272
896,270,229,15357924
897,271,213,19773588
898,271,214,24837663
899,271,228,15208272
900,271,229,15357924
901,272,213,19773588
902,272,214,24837663
903,272,228,15208272
904,272,229,15357924
905,273,213,19773588
906,273,214,24837663
907,273,228,15208272
908,273,229,15357924
909,274,213,19773588
910,274,214,24837663
911,274,228,15208272
912,274,229,15357924
913,275,213,19773588
914,275,214,24837663
915,275,228,15208272
916,275,229,15357924
917,276,213,19773588
918,276,214,24837663
919,276,228,15208272
920,276,229,15357924
921,277,213,19773588
922,277,214,24837663
923,277,228,15208272
924,277,229,15357924
925,278,213,19773588
926,278,214,24837663
927,278,228,15208272
928,278,229,15357924
929,279,213,19773588
930,279,214,24837663
931,279,228,15208272
932,279,229,15357924
933,280,213,19773588
934,280,214,24837663
935,280,228,15208272
936,280,229,15357924
937,281,213,19773588
938,281,214,24837663
939,281,228,15208272
940,281,229,15357924
941,282,213,19773588
942,282,214,24837663
943,282,228,15208272
944,282,229,15357924
945,283,213,19773588
946,283,214,24837663
947,283,228,15208272
948,283,229,15357924
949,284,213,19773588
950,284,214,24837663
951,284,228,15208272
952,284,229,15357924
953,285,213,19773588
954,285,214,24837663
955,285,228,15208272
956,285,229,15357924
957,286,213,19773588
958,286,214,24837663
959,286,228,15208272
960,286,229,15357924
961,287,213,19773588
962,287,214,24837663
963,287,228,15208272
964,287,229,15357924
965,288,213,19773588
966,288,214,24837663
967,288,228,15208272
968,288,229,15357924
969,289,213,19773588
970,289,214,24837663
971,289,228,15208272
972,289,229,15357924
973,290,213,19773588
974,290,214,24837663
975,290,228,15208272
976,290,229,15357924
977,291,213,19773588
978,291,214,24837663
979,291,228,15208272
980,291,229,15357924
981,292,213,19773588
982,292,214,24837663
983,292,228,15208272
984,292,229,15357924
985,293,213,19773588
986,293,214,24837663
987,293,228,15208272
988,293,229,15357924
989,294,213,19773588
990,294,214,24837663
991,294,228,15208272
992,294,229,15357924
993,295,213,19773588
994,295,214,24837663
995,295,228,15208272
996,295,229,15357924
997,296,213,19773588
998,296,214,24837663
999,296,228,15208272
1000,296,229,15357924
1001,297,213,19773588
1002,297,214,24837663
1003,297,228,15208272
1004,297,229,15357924
1005,298,213,19773588
1006,298,214,24837663
1007,298,228,15208272
1008,298,229,15357924
1009,299,213,19773588
1010,299,214,24837663
1011,299,228,15208272
1012,299,229,15357924
1013,300,213,19773588
1014,300,214,24837663
1015,300,228,15208272
1016,300,229,15357924
1017,301,213,19773588
1018,301,214,24837663
1019,301,228,15208272
1020,301,229,15357924
1021,302,213,19773588
1022,302,214,24837663
1023,302,228,15208272
1024,302,229,15357924
1025,303,213,19773588
1026,303,214,24837663
1027,303,228,15208272
1028,303,229,15357924
1029,304,213,19773588
1030,304,214,24837663
1031,304,228,15208272
1032,304,229,15357924
1033,305,213,19773588
1034,305,214,24837663
1035,305,228,15208272
1036,305,229,15357924
1037,306,213,19773588
1038,306,214,24837663
1039,306,228,15208272
1040,306,229,15357924
1041,307,213,19773588
1042,307,214,24837663
1043,307,228,15208272
1044,307,229,15357924
1045,308,213,19773588
1046,308,214,24837663
1047,308,228,15208272
1048,308,229,15357924
1049,309,213,19773588
1050,309,214,24837663
1051,309,228,15208272
1052,309,229,15357924
1053,310,213,19773588
1054,310,214,24837663
1055,310,228,15208272
1056,310,229,15357924
1057,311,213,19773588
1058,311,214,24837663
1059,311,228,15208272
1060,311,229,15357924
1061,312,213,19773588
1062,312,214,24837663
1063,312,228,15208272
1064,312,229,15357924
1065,313,213,19773588
1066,313,214,24837663
1067,313,228,15208272
1068,313,229,15357924
1069,314,213,19773588
1070,314,214,24837663
1071,314,228,15208272
1072,314,229,15357924
1073,315,213,19773588
1074,315,214,24837663
1075,315,228,15208272
1076,315,229,15357924
1077,316,213,19773588
1078,316,214,24837663
1079,316,228,15208272
1080,316,229,15357924
1081,317,213,19773588
1082,317,214,24837663
1083,317,228,15208272
1084,317,229,15357924
1085,318,213,19773588
1086,318,214,24837663
1087,318,228,15208272
1088,318,229,15357924
1089,319,191,12065444
1090,319,215,23611293
1091,319,216,21251949
1092,320,191,12065444
1093,320,215,23611293
1094,320,216,21251949
1095,321,191,12065444
1096,321,215,23611293
1097,321,216,21251949
1098,322,191,12065444
1099,322,215,23611293
1100,322,216,21251949
1101,323,203,0
1102,323,215,23611293
1103,323,216,21251949
1104,324,203,0
1105,324,215,23611293
1106,324,216,21251949
1107,325,191,12065444
1108,325,215,23611293
1109,325,216,21251949
1110,326,191,12065444
1111,326,215,23611293
1112,326,216,21251949
1113,327,203,0
1114,327,215,23611293
1115,327,216,21251949
1116,328,203,0
1117,328,215,23611293
1118,328,216,21251949
1119,329,191,12065444
1120,329,215,23611293
1121,329,216,21251949
1122,330,191,12065444
1123,330,215,23611293
1124,330,216,21251949
1125,331,191,12065444
1126,331,215,23611293
1127,331,216,21251949
1128,332,191,12065444
1129,332,215,23611293
1130,332,216,21251949
1131,333,203,0
1132,333,215,23611293
1133,333,216,21251949
1134,334,203,0
1135,334,215,23611293
1136,334,216,21251949
1137,335,191,12065444
1138,335,215,23611293
1139,335,216,21251949
1140,336,191,12065444
1141,336,215,23611293
1142,336,216,21251949
1143,337,203,0
1144,337,215,23611293
1145,337,216,21251949
1146,338,203,0
1147,338,215,23611293
1148,338,216,21251949
1149,339,203,0
1150,339,215,23611293
1151,339,216,21251949
1152,340,203,0
1153,340,215,23611293
1154,340,216,21251949
1155,341,191,12065444
1156,341,215,23611293
1157,341,216,21251949
1158,342,191,12065444
1159,342,215,23611293
1160,342,216,21251949
1161,343,191,12065444
1162,343,215,23611293
1163,343,216,21251949
1164,344,191,12065444
1165,344,215,23611293
1166,344,216,21251949
1167,345,203,0
1168,345,215,23611293
1169,345,216,21251949
1170,346,203,0
1171,346,215,23611293
1172,346,216,21251949
1173,347,203,0
1174,347,215,23611293
1175,347,216,21251949
1176,348,203,0
1177,348,215,23611293
1178,348,216,21251949
1179,349,191,12065444
1180,349,215,23611293
1181,349,216,21251949
1182,350,191,12065444
1183,350,215,23611293
1184,350,216,21251949
1185,351,191,12065444
1186,351,215,23611293
1187,351,216,21251949
1188,352,191,12065444
1189,352,215,23611293
1190,352,216,21251949
1191,353,191,12065444
1192,353,215,23611293
1193,353,216,21251949
1194,354,191,12065444
1195,354,215,23611293
1196,354,216,21251949
1197,355,203,0
1198,355,215,23611293
1199,355,216,21251949
1200,356,203,0
1201,356,215,23611293
1202,356,216,21251949
1203,357,191,12065444
1204,357,215,23611293
1205,357,216,21251949
1206,358,191,12065444
1207,358,215,23611293
1208,358,216,21251949
1209,359,191,12065444
1210,359,215,23611293
1211,359,216,21251949
1212,360,191,12065444
1213,360,215,23611293
1214,360,216,21251949
1215,361,191,12065444
1216,361,215,23611293
1217,361,216,21251949
1218,362,191,12065444
1219,362,215,23611293
1220,362,216,21251949
1221,363,191,12065444
1222,363,215,23611293
1223,363,216,21251949
1224,364,191,12065444
1225,364,215,23611293
1226,364,216,21251949
1227,365,146,7744763
1228,365,215,23611293
1229,365,216,21251949
1230,366,146,7744763
1231,366,215,23611293
1232,366,216,21251949
1233,367,191,12065444
1234,367,215,23611293
1235,367,216,21251949
1236,368,191,12065444
1237,368,215,23611293
1238,368,216,21251949
1239,369,191,12065444
1240,369,215,23611293
1241,369,216,21251949
1242,370,191,12065444
1243,370,215,23611293
1244,370,216,21251949
1245,371,191,12065444
1246,371,215,23611293
1247,371,216,21251949
1248,372,191,12065444
1249,372,215,23611293
1250,372,216,21251949
1251,373,191,12065444
1252,373,215,23611293
1253,373,216,21251949
1254,374,191,12065444
1255,374,215,23611293
1256,374,216,21251949
1257,375,191,12065444
1258,375,215,23611293
1259,375,216,21251949
1260,376,191,12065444
1261,376,215,23611293
1262,376,216,21251949
1263,377,191,12065444
1264,377,215,23611293
1265,377,216,21251949
1266,378,191,12065444
1267,378,215,23611293
1268,378,216,21251949
1269,379,118,6304726
1270,379,215,23611293
1271,379,216,21251949
1272,380,118,6304726
1273,380,215,23611293
1274,380,216,21251949
1275,381,197,13726518
1276,381,215,23611293
1277,381,216,21251949
1278,382,197,13726518
1279,382,215,23611293
1280,382,216,21251949
1281,383,215,23611293
1282,383,216,21251949
1283,384,215,23611293
1284,384,216,21251949
1285,385,215,23611293
1286,385,216,21251949
1287,386,215,23611293
1288,386,216,21251949
1289,387,215,23611293
1290,387,216,21251949
1291,388,215,23611293
1292,388,216,21251949
1293,389,215,23611293
1294,389,216,21251949
1295,390,215,23611293
1296,390,216,21251949
1297,391,215,23611293
1298,391,216,21251949
1299,392,215,23611293
1300,392,216,21251949
1301,393,215,23611293
1302,393,216,21251949
1303,394,215,23611293
1304,394,216,21251949
1305,395,180,10591214
1306,395,194,12540269
1307,395,215,23611293
1308,395,216,21251949
1309,396,180,10591214
1310,396,194,12540269
1311,396,215,23611293
1312,396,216,21251949
1313,397,215,23611293
1314,397,216,21251949
1315,398,215,23611293
1316,398,216,21251949
1317,399,170,9092497
1318,399,215,23611293
1319,399,216,21251949
1320,400,170,9092497
1321,400,215,23611293
1322,400,216,21251949
1323,401,170,9092497
1324,401,215,23611293
1325,401,216,21251949
1326,402,170,9092497
1327,402,215,23611293
1328,402,216,21251949
1329,403,170,9092497
1330,403,215,23611293
1331,403,216,21251949
1332,404,170,9092497
1333,404,215,23611293
1334,404,216,21251949
1335,405,170,9092497
1336,405,215,23611293
1337,405,216,21251949
1338,406,170,9092497
1339,406,215,23611293
1340,406,216,21251949
1341,407,170,9092497
1342,407,215,23611293
1343,407,216,21251949
1344,408,170,9092497
1345,408,215,23611293
1346,408,216,21251949
1347,409,170,9092497
1348,409,215,23611293
1349,409,216,21251949
1350,410,170,9092497
1351,410,215,23611293
1352,410,216,21251949
1353,411,170,9092497
1354,411,215,23611293
1355,411,216,21251949
1356,412,170,9092497
1357,412,215,23611293
1358,412,216,21251949
1359,413,215,23611293
1360,413,216,21251949
1361,414,215,23611293
1362,414,216,21251949
1363,415,215,23611293
1364,415,216,21251949
1365,416,215,23611293
1366,416,216,21251949
1367,417,215,23611293
1368,417,216,21251949
1369,418,215,23611293
1370,418,216,21251949
1371,419,215,23611293
1372,419,216,21251949
1373,420,215,23611293
1374,420,216,21251949
1375,421,215,23611293
1376,421,216,21251949
1377,422,215,23611293
1378,422,216,21251949
1379,423,215,23611293
1380,423,216,21251949
1381,424,215,23611293
1382,424,216,21251949
1383,425,215,23611293
1384,425,216,21251949
1385,426,215,23611293
1386,426,216,21251949
1387,427,147,7852302
1388,427,215,23611293
1389,427,216,21251949
1390,428,147,7852302
1391,428,215,23611293
1392,428,216,21251949
1393,429,215,23611293
1394,429,216,21251949
1395,430,215,23611293
1396,430,216,21251949
1397,431,171,9103531
1398,431,215,23611293
1399,431,216,21251949
1400,432,171,9103531
1401,432,215,23611293
1402,432,216,21251949
1403,433,215,23611293
1404,433,216,21251949
1405,434,215,23611293
1406,434,216,21251949
1407,435,215,23611293
1408,435,216,21251949
1409,436,215,23611293
1410,436,216,21251949
1411,437,215,23611293
1412,437,216,21251949
1413,438,215,23611293
1414,438,216,21251949
1415,439,215,23611293
1416,439,216,21251949
1417,440,215,23611293
1418,440,216,21251949
1419,441,197,13726518
1420,441,215,23611293
1421,441,216,21251949
1422,442,197,13726518
1423,442,215,23611293
1424,442,216,21251949
1425,443,215,23611293
1426,443,216,21251949
1427,444,215,23611293
1428,444,216,21251949
1429,445,215,23611293
1430,445,216,21251949
1431,446,215,23611293
1432,446,216,21251949
1433,447,215,23611293
1434,447,216,21251949
1435,448,215,23611293
1436,448,216,21251949
1437,449,215,23611293
1438,449,216,21251949
1439,450,215,23611293
1440,450,216,21251949
1441,451,215,23611293
1442,451,216,21251949
1443,452,215,23611293
1444,452,216,21251949
1445,453,215,23611293
1446,453,216,21251949
1447,454,215,23611293
1448,454,216,21251949
1449,455,215,23611293
1450,455,216,21251949
1451,456,215,23611293
1452,456,216,21251949
1453,457,215,23611293
1454,457,216,21251949
1455,458,215,23611293
1456,458,216,21251949
1457,459,215,23611293
1458,459,216,21251949
1459,460,215,23611293
1460,460,216,21251949
1461,461,215,23611293
1462,461,216,21251949
1463,462,215,23611293
1464,462,216,21251949
1465,463,215,23611293
1466,463,216,21251949
1467,464,215,23611293
1468,464,216,21251949
1469,465,215,23611293
1470,465,216,21251949
1471,466,215,23611293
1472,466,216,21251949
1473,467,215,23611293
1474,467,216,21251949
1475,468,215,23611293
1476,468,216,21251949
1477,469,215,23611293
1478,469,216,21251949
1479,470,215,23611293
1480,470,216,21251949
1481,471,157,8106508
1482,471,166,8530369
1483,471,215,23611293
1484,471,216,21251949
1485,472,157,8106508
1486,472,166,8530369
1487,472,215,23611293
1488,472,216,21251949
1489,473,215,23611293
1490,473,216,21251949
1491,474,215,23611293
1492,474,216,21251949
1493,475,118,6304726
1494,475,215,23611293
1495,475,216,21251949
1496,476,118,6304726
1497,476,215,23611293
1498,476,216,21251949
1499,477,215,23611293
1500,477,216,21251949
1501,478,215,23611293
1502,478,216,21251949
1503,479,215,23611293
1504,479,216,21251949
1505,480,215,23611293
1506,480,216,21251949
1507,481,215,23611293
1508,481,216,21251949
1509,482,215,23611293
1510,482,216,21251949
1511,483,215,23611293
1512,483,216,21251949
1513,484,215,23611293
1514,484,216,21251949
1515,485,215,23611293
1516,485,216,21251949
1517,486,215,23611293
1518,486,216,21251949
1519,487,17,1537400
1520,487,215,23611293
1521,487,216,21251949
1522,488,17,1537400
1523,488,215,23611293
1524,488,216,21251949
1525,489,17,1537400
1526,489,215,23611293
1527,489,216,21251949
1528,490,17,1537400
1529,490,215,23611293
1530,490,216,21251949
1531,491,17,1537400
1532,491,215,23611293
1533,491,216,21251949
1534,492,17,1537400
1535,492,215,23611293
1536,492,216,21251949
1537,493,17,1537400
1538,493,215,23611293
1539,493,216,21251949
1540,494,17,1537400
1541,494,215,23611293
1542,494,216,21251949
1543,495,17,1537400
1544,495,215,23611293
1545,495,216,21251949
1546,496,17,1537400
1547,496,215,23611293
1548,496,216,21251949
1549,497,160,8368516
1550,497,215,23611293
1551,497,216,21251949
1552,498,160,8368516
1553,498,215,23611293
1554,498,216,21251949
1555,499,215,23611293
1556,499,216,21251949
1557,500,215,23611293
1558,500,216,21251949
1559,501,215,23611293
1560,501,216,21251949
1561,502,215,23611293
1562,502,216,21251949
1563,503,215,23611293
1564,503,216,21251949
1565,504,215,23611293
1566,504,216,21251949
1567,505,215,23611293
1568,505,216,21251949
1569,506,215,23611293
1570,506,216,21251949
1571,507,215,23611293
1572,507,216,21251949
1573,508,215,23611293
1574,508,216,21251949
1575,509,215,23611293
1576,509,216,21251949
1577,510,215,23611293
1578,510,216,21251949
1579,511,215,23611293
1580,511,216,21251949
1581,512,215,23611293
1582,512,216,21251949
1583,513,215,23611293
1584,513,216,21251949
1585,514,215,23611293
1586,514,216,21251949
1587,515,184,10998351
1588,515,206,0
1589,515,215,23611293
1590,515,216,21251949
1591,516,184,10998351
1592,516,206,0
1593,516,215,23611293
1594,516,216,21251949
1595,517,215,23611293
1596,517,216,21251949
1597,518,215,23611293
1598,518,216,21251949
1599,519,215,23611293
1600,519,216,21251949
1601,520,215,23611293
1602,520,216,21251949
1603,521,215,23611293
1604,521,216,21251949
1605,522,215,23611293
1606,522,216,21251949
1607,523,148,7882291
1608,523,162,8392229
1609,523,215,23611293
1610,523,216,21251949
1611,524,148,7882291
1612,524,162,8392229
1613,524,215,23611293
1614,524,216,21251949
1615,525,207,2154696
1616,525,215,23611293
1617,525,216,21251949
1618,526,207,2154696
1619,526,215,23611293
1620,526,216,21251949
1621,527,215,23611293
1622,527,216,21251949
1623,528,215,23611293
1624,528,216,21251949
1625,529,15,1335746
1626,529,215,23611293
1627,529,216,21251949
1628,530,15,1335746
1629,530,215,23611293
1630,530,216,21251949
1631,531,215,23611293
1632,531,216,21251949
1633,532,215,23611293
1634,532,216,21251949
1635,533,26,1943774
1636,533,215,23611293
1637,533,216,21251949
1638,534,26,1943774
1639,534,215,23611293
1640,534,216,21251949
1641,535,215,23611293
1642,535,216,21251949
1643,536,215,23611293
1644,536,216,21251949
1645,537,215,23611293
1646,537,216,21251949
1647,538,215,23611293
1648,538,216,21251949
1649,539,26,1943774
1650,539,215,23611293
1651,539,216,21251949
1652,540,26,1943774
1653,540,215,23611293
1654,540,216,21251949
1655,541,215,23611293
1656,541,216,21251949
1657,542,215,23611293
1658,542,216,21251949
1659,543,215,23611293
1660,543,216,21251949
1661,544,215,23611293
1662,544,216,21251949
1663,545,215,23611293
1664,545,216,21251949
1665,546,215,23611293
1666,546,216,21251949
1667,547,15,1335746
1668,547,215,23611293
1669,547,216,21251949
1670,548,15,1335746
1671,548,215,23611293
1672,548,216,21251949
1673,549,153,8031864
1674,549,215,23611293
1675,549,216,21251949
1676,550,153,8031864
1677,550,215,23611293
1678,550,216,21251949
1679,551,26,1943774
1680,551,215,23611293
1681,551,216,21251949
1682,552,26,1943774
1683,552,215,23611293
1684,552,216,21251949
1685,553,215,23611293
1686,553,216,21251949
1687,554,215,23611293
1688,554,216,21251949
1689,555,215,23611293
1690,555,216,21251949
1691,556,215,23611293
1692,556,216,21251949
1693,557,215,23611293
1694,557,216,21251949
1695,558,215,23611293
1696,558,216,21251949
1697,559,215,23611293
1698,559,216,21251949
1699,560,215,23611293
1700,560,216,21251949
1701,561,215,23611293
1702,561,216,21251949
1703,562,215,23611293
1704,562,216,21251949
1705,563,215,23611293
1706,563,216,21251949
1707,564,215,23611293
1708,564,216,21251949
1709,565,215,23611293
1710,565,216,21251949
1711,566,215,23611293
1712,566,216,21251949
1713,567,215,23611293
1714,567,216,21251949
1715,568,215,23611293
1716,568,216,21251949
1717,569,215,23611293
1718,569,216,21251949
1719,570,215,23611293
1720,570,216,21251949
1721,571,215,23611293
1722,571,216,21251949
1723,572,215,23611293
1724,572,216,21251949
1725,573,215,23611293
1726,573,216,21251949
1727,574,215,23611293
1728,574,216,21251949
1729,575,215,23611293
1730,575,216,21251949
1731,576,215,23611293
1732,576,216,21251949
1733,577,215,23611293
1734,577,216,21251949
1735,578,215,23611293
1736,578,216,21251949
1737,579,215,23611293
1738,579,216,21251949
1739,580,215,23611293
1740,580,216,21251949
1741,581,215,23611293
1742,581,216,21251949
1743,582,215,23611293
1744,582,216,21251949
1745,583,175,9789085
1746,583,215,23611293
1747,583,216,21251949
1748,584,175,9789085
1749,584,215,23611293
1750,584,216,21251949
1751,585,167,8831731
1752,585,168,8882591
1753,585,178,10477832
1754,585,215,23611293
1755,585,216,21251949
1756,586,167,8831731
1757,586,168,8882591
1758,586,178,10477832
1759,586,215,23611293
1760,586,216,21251949
1761,587,10,508720
1762,587,189,12028998
1763,587,215,23611293
1764,587,216,21251949
1765,588,10,508720
1766,588,189,12028998
1767,588,215,23611293
1768,588,216,21251949
1769,589,27,1972896
1770,589,215,23611293
1771,589,216,21251949
1772,590,27,1972896
1773,590,215,23611293
1774,590,216,21251949
1775,591,97,3159185
1776,591,126,6433343
1777,591,215,23611293
1778,591,216,21251949
1779,592,97,3159185
1780,592,126,6433343
1781,592,215,23611293
1782,592,216,21251949
1783,593,197,13726518
1784,593,215,23611293
1785,593,216,21251949
1786,594,197,13726518
1787,594,215,23611293
1788,594,216,21251949
1789,595,144,7689392
1790,595,215,23611293
1791,595,216,21251949
1792,596,144,7689392
1793,596,215,23611293
1794,596,216,21251949
1795,597,42,2291472
1796,597,215,23611293
1797,597,216,21251949
1798,598,42,2291472
1799,598,215,23611293
1800,598,216,21251949
1801,599,215,23611293
1802,599,216,21251949
1803,600,215,23611293
1804,600,216,21251949
1805,601,198,14201142
1806,601,215,23611293
1807,601,216,21251949
1808,602,198,14201142
1809,602,215,23611293
1810,602,216,21251949
1811,603,198,14201142
1812,603,215,23611293
1813,603,216,21251949
1814,604,198,14201142
1815,604,215,23611293
1816,604,216,21251949
1817,605,198,14201142
1818,605,215,23611293
1819,605,216,21251949
1820,606,198,14201142
1821,606,215,23611293
1822,606,216,21251949
1823,607,198,14201142
1824,607,215,23611293
1825,607,216,21251949
1826,608,198,14201142
1827,608,215,23611293
1828,608,216,21251949
1829,609,25,1846425
1830,609,44,2401242
1831,609,90,3010074
1832,609,215,23611293
1833,609,216,21251949
1834,610,4,187587
1835,610,21,1709220
1836,610,215,23611293
1837,610,216,21251949
1838,611,1,23126
1839,611,12,590345
1840,611,215,23611293
1841,611,216,21251949
1842,612,8,448359
1843,612,28,1979518
1844,612,39,2195558
1845,612,215,23611293
1846,612,216,21251949
1847,613,35,2170863
1848,613,85,2999540
1849,613,215,23611293
1850,613,216,21251949
1851,614,159,8358562
1852,614,215,23611293
1853,614,216,21251949
1854,615,45,2408776
1855,615,57,2542756
1856,615,215,23611293
1857,615,216,21251949
1858,616,13,1315547
1859,616,71,2871174
1860,616,215,23611293
1861,616,216,21251949
1862,617,28,1979518
1863,617,39,2195558
1864,617,111,6135157
1865,617,215,23611293
1866,617,216,21251949
1867,618,34,2168834
1868,618,87,3001280
1869,618,215,23611293
1870,618,216,21251949
1871,619,43,2397744
1872,619,121,6316967
1873,619,215,23611293
1874,619,216,21251949
1875,620,128,6546770
1876,620,215,23611293
1877,620,216,21251949
1878,621,16,1336192
1879,621,19,1679014
1880,621,82,2986999
1881,621,215,23611293
1882,621,216,21251949
1883,622,133,7099138
1884,622,150,7984266
1885,622,215,23611293
1886,622,216,21251949
1887,623,151,7988681
1888,623,215,23611293
1889,623,216,21251949
1890,624,142,7680751
1891,624,215,23611293
1892,624,216,21251949
1893,625,164,8394362
1894,625,215,23611293
1895,625,216,21251949
1896,626,100,3574492
1897,626,202,0
1898,626,215,23611293
1899,626,216,21251949
1900,627,63,2600819
1901,627,215,23611293
1902,627,216,21251949
1903,628,60,2564617
1904,628,66,2835476
1905,628,215,23611293
1906,628,216,21251949
1907,629,60,2564617
1908,629,66,2835476
1909,629,215,23611293
1910,629,216,21251949
1911,630,2,39246
1912,630,59,2553864
1913,630,215,23611293
1914,630,216,21251949
1915,631,2,39246
1916,631,59,2553864
1917,631,215,23611293
1918,631,216,21251949
1919,632,152,7996434
1920,632,169,8911684
1921,632,215,23611293
1922,632,216,21251949
1923,633,4,187587
1924,633,21,1709220
1925,633,215,23611293
1926,633,216,21251949
1927,634,30,2153739
1928,634,102,3689398
1929,634,215,23611293
1930,634,216,21251949
1931,635,124,6387355
1932,635,165,8450505
1933,635,215,23611293
1934,635,216,21251949
1935,636,112,6149442
1936,636,165,8450505
1937,636,215,23611293
1938,636,216,21251949
1939,637,14,1319557
1940,637,24,1840645
1941,637,156,8097160
1942,637,215,23611293
1943,637,216,21251949
1944,638,20,1700206
1945,638,215,23611293
1946,638,216,21251949
1947,639,141,7616437
1948,639,215,23611293
1949,639,216,21251949
1950,640,8,448359
1951,640,28,1979518
1952,640,39,2195558
1953,640,215,23611293
1954,640,216,21251949
1955,641,172,9177352
1956,641,183,10934229
1957,641,215,23611293
1958,641,216,21251949
1959,642,64,2704370
1960,642,215,23611293
1961,642,216,21251949
1962,643,64,2704370
1963,643,215,23611293
1964,643,216,21251949
1965,644,64,2704370
1966,644,215,23611293
1967,644,216,21251949
1968,645,64,2704370
1969,645,215,23611293
1970,645,216,21251949
1971,646,64,2704370
1972,646,215,23611293
1973,646,216,21251949
1974,647,22,1718474
1975,647,49,2419545
1976,647,215,23611293
1977,647,216,21251949
1978,648,35,2170863
1979,648,215,23611293
1980,648,216,21251949
1981,649,35,2170863
1982,649,215,23611293
1983,649,216,21251949
1984,650,129,6744039
1985,650,161,8380498
1986,650,215,23611293
1987,650,216,21251949
1988,651,140,7605911
1989,651,215,23611293
1990,651,216,21251949
1991,652,140,7605911
1992,652,215,23611293
1993,652,216,21251949
1994,653,138,7481766
1995,653,215,23611293
1996,653,216,21251949
1997,654,55,2495280
1998,654,119,6306420
1999,654,215,23611293
2000,654,216,21251949
2001,655,80,2968449
2002,655,122,6317122
2003,655,215,23611293
2004,655,216,21251949
2005,656,91,3010940
2006,656,123,6330316
2007,656,215,23611293
2008,656,216,21251949
2009,657,81,2984502
2010,657,114,6256771
2011,657,215,23611293
2012,657,216,21251949
2013,658,81,2984502
2014,658,104,3828764
2015,658,215,23611293
2016,658,216,21251949
2017,659,78,2935410
2018,659,127,6519175
2019,659,215,23611293
2020,659,216,21251949
2021,660,11,530254
2022,660,135,7214150
2023,660,215,23611293
2024,660,216,21251949
2025,661,11,530254
2026,661,135,7214150
2027,661,215,23611293
2028,661,216,21251949
2029,662,84,2999126
2030,662,120,6313047
2031,662,215,23611293
2032,662,216,21251949
2033,663,73,2879884
2034,663,109,6117785
2035,663,215,23611293
2036,663,216,21251949
2037,664,61,2569345
2038,664,67,2835650
2039,664,77,2901974
2040,664,215,23611293
2041,664,216,21251949
2042,665,61,2569345
2043,665,67,2835650
2044,665,77,2901974
2045,665,215,23611293
2046,665,216,21251949
2047,666,73,2879884
2048,666,149,7908054
2049,666,215,23611293
2050,666,216,21251949
2051,667,31,2163719
2052,667,58,2546051
2053,667,215,23611293
2054,667,216,21251949
2055,668,86,3001239
2056,668,93,3027279
2057,668,215,23611293
2058,668,216,21251949
2059,669,70,2850843
2060,669,204,0
2061,669,215,23611293
2062,669,216,21251949
2063,670,51,2436195
2064,670,52,2437911
2065,670,215,23611293
2066,670,216,21251949
2067,671,182,10869864
2068,671,200,15769868
2069,671,215,23611293
2070,671,216,21251949
2071,672,37,2172771
2072,672,95,3033516
2073,672,215,23611293
2074,672,216,21251949
2075,673,60,2564617
2076,673,66,2835476
2077,673,215,23611293
2078,673,216,21251949
2079,674,186,11814808
2080,674,190,12064739
2081,674,215,23611293
2082,674,216,21251949
2083,675,186,11814808
2084,675,190,12064739
2085,675,193,12438526
2086,675,215,23611293
2087,675,216,21251949
2088,676,22,1718474
2089,676,47,2410593
2090,676,145,7693914
2091,676,215,23611293
2092,676,216,21251949
2093,677,22,1718474
2094,677,38,2172946
2095,677,215,23611293
2096,677,216,21251949
2097,678,129,6744039
2098,678,161,8380498
2099,678,215,23611293
2100,678,216,21251949
2101,679,106,4127185
2102,679,205,0
2103,679,215,23611293
2104,679,216,21251949
2105,680,106,4127185
2106,680,205,0
2107,680,215,23611293
2108,680,216,21251949
2109,681,32,2163875
2110,681,33,2164915
2111,681,215,23611293
2112,681,216,21251949
2113,682,62,2572690
2114,682,108,6114372
2115,682,110,6133870
2116,682,215,23611293
2117,682,216,21251949
2118,683,3,169955
2119,683,115,6264336
2120,683,116,6285110
2121,683,215,23611293
2122,683,216,21251949
2123,684,88,3004905
2124,684,123,6330316
2125,684,215,23611293
2126,684,216,21251949
2127,685,54,2472937
2128,685,83,2995938
2129,685,215,23611293
2130,685,216,21251949
2131,686,177,10376921
2132,686,215,23611293
2133,686,216,21251949
2134,687,46,2410283
2135,687,215,23611293
2136,687,216,21251949
2137,688,36,2172254
2138,688,69,2845019
2139,688,215,23611293
2140,688,216,21251949
2141,689,125,6422256
2142,689,134,7109844
2143,689,215,23611293
2144,689,216,21251949
2145,690,9,492142
2146,690,139,7520541
2147,690,215,23611293
2148,690,216,21251949
2149,691,96,3144003
2150,691,105,3925960
2151,691,215,23611293
2152,691,216,21251949
2153,692,6,428392
2154,692,50,2434630
2155,692,215,23611293
2156,692,216,21251949
2157,693,117,6300644
2158,693,163,8394327
2159,693,215,23611293
2160,693,216,21251949
2161,694,5,191147
2162,694,92,3016189
2163,694,215,23611293
2164,694,216,21251949
2165,695,89,3005837
2166,695,101,3627382
2167,695,215,23611293
2168,695,216,21251949
2169,696,185,11173064
2170,696,215,23611293
2171,696,216,21251949
2172,697,23,1840227
2173,697,41,2253704
2174,697,98,3352595
2175,697,215,23611293
2176,697,216,21251949
2177,698,40,2197155
2178,698,137,7473129
2179,698,155,8071862
2180,698,215,23611293
2181,698,216,21251949
2182,699,75,2890112
2183,699,201,20504679
2184,699,215,23611293
2185,699,216,21251949
2186,700,5,191147
2187,700,215,23611293
2188,700,216,21251949
2189,701,173,9281599
2190,701,215,23611293
2191,701,216,21251949
2192,702,76,2899170
2193,702,94,3031274
2194,702,215,23611293
2195,702,216,21251949
2196,703,53,2468076
2197,703,74,2886170
2198,703,215,23611293
2199,703,216,21251949
2200,704,56,2542450
2201,704,208,0
2202,704,215,23611293
2203,704,216,21251949
2204,705,40,2197155
2205,705,137,7473129
2206,705,155,8071862
2207,705,176,9864273
2208,705,215,23611293
2209,705,216,21251949
2210,706,68,2837399
2211,706,158,8174418
2212,706,215,23611293
2213,706,216,21251949
2214,707,68,2837399
2215,707,158,8174418
2216,707,215,23611293
2217,707,216,21251949
2218,708,29,2090365
2219,708,130,6780133
2220,708,215,23611293
2221,708,216,21251949
2222,709,48,2419120
2223,709,130,6780133
2224,709,215,23611293
2225,709,216,21251949
2226,710,215,23611293
2227,710,216,21251949
2228,710,226,18691642
2229,711,7,436741
2230,711,48,2419120
2231,711,215,23611293
2232,711,216,21251949
2233,712,195,12611900
2234,712,215,23611293
2235,712,216,21251949
2236,713,195,12611900
2237,713,215,23611293
2238,713,216,21251949
2239,714,29,2090365
2240,714,130,6780133
2241,714,215,23611293
2242,714,216,21251949
2243,715,188,11988537
2244,715,215,23611293
2245,715,216,21251949
2246,716,188,11988537
2247,716,215,23611293
2248,716,216,21251949
2249,717,154,8061598
2250,717,215,23611293
2251,717,216,21251949
2252,718,199,15497675
2253,718,215,23611293
2254,718,216,21251949
2255,719,174,9744270
2256,719,181,10803607
2257,719,187,11971202
2258,719,215,23611293
2259,719,216,21251949
2260,720,48,2419120
2261,720,130,6780133
2262,720,215,23611293
2263,720,216,21251949
2264,721,196,12663745
2265,721,215,23611293
2266,721,216,21251949
2267,722,179,10567548
2268,722,215,23611293
2269,722,216,21251949
2270,723,179,10567548
2271,723,215,23611293
2272,723,216,21251949
2273,724,192,12414890
2274,724,215,23611293
2275,724,216,21251949
2276,725,29,2090365
2277,725,130,6780133
2278,725,215,23611293
2279,725,216,21251949
2280,726,215,23611293
2281,726,216,21251949
2282,727,113,6227474
2283,727,215,23611293
2284,727,216,21251949
2285,728,18,1675607
2286,728,72,2877462
2287,728,215,23611293
2288,728,216,21251949
2289,729,143,7685169
2290,729,215,23611293
2291,729,216,21251949
2292,730,65,2811854
2293,730,107,6087116
2294,730,215,23611293
2295,730,216,21251949
2296,731,132,7086410
2297,731,215,23611293
2298,731,216,21251949
2299,732,65,2811854
2300,732,107,6087116
2301,732,215,23611293
2302,732,216,21251949
2303,733,215,23611293
2304,733,216,21251949
2305,734,79,2940099
2306,734,99,3475452
2307,734,215,23611293
2308,734,216,21251949
2309,735,132,7086410
2310,735,215,23611293
2311,735,216,21251949
2312,736,131,7067730
2313,736,136,7274336
2314,736,215,23611293
2315,736,216,21251949
2316,737,79,2940099
2317,737,99,3475452
2318,737,215,23611293
2319,737,216,21251949
2320,738,103,3748008
2321,738,215,23611293
2322,738,216,21251949
2323,740,230,16680159
2324,740,232,15090227
2325,741,230,16680159
2326,741,232,15090227
2327,742,230,16680159
2328,742,232,15090227
2329,743,230,16680159
2330,743,232,15090227
2331,744,230,16680159
2332,744,232,15090227
2333,745,230,16680159
2334,745,232,15090227
2335,746,230,16680159
2336,746,232,15090227
2337,747,230,16680159
2338,747,232,15090227
2339,753,230,16680159
2340,753,232,15090227
2341,754,230,16680159
2342,754,232,15090227
2343,755,230,16680159
2344,755,232,15090227
2345,756,230,16680159
2346,756,232,15090227
2347,757,230,16680159
2348,757,232,15090227
2349,758,230,16680159
2350,758,232,15090227
2351,759,221,21543282
2352,760,221,21543282
2353,761,221,21543282
2354,762,221,21543282
2355,763,221,21543282
2356,1202,221,21543282
2357,1203,221,21543282
2358,767,222,24496634
2359,783,221,21543282
2360,784,221,21543282
2361,785,221,21543282
2362,786,221,21543282
2363,787,221,21543282
2364,1189,221,21543282
2365,1190,221,21543282
2366,791,221,21543282
2367,792,221,21543282
2368,793,221,21543282
2369,794,221,21543282
2370,795,221,21543282
2371,1193,221,21543282
2372,1194,221,21543282
2373,797,219,22433785
2374,1854,219,22433785
2375,799,219,22433785
2376,800,221,21543282
2377,801,221,21543282
2378,802,221,21543282
2379,803,223,24772387
2380,803,224,20732405
2381,804,223,24772387
2382,804,224,20732405
2383,806,227,21775728
2384,1117,221,21543282
2385,1118,221,21543282
2386,1119,221,21543282
2387,1188,221,21543282
2388,1120,221,21543282
2389,1121,221,21543282
2390,1191,221,21543282
2391,1192,221,21543282
2392,1122,221,21543282
2393,1123,221,21543282
2394,1124,221,21543282
2395,1195,221,21543282
2396,1125,221,21543282
2397,1126,221,21543282
2398,1196,221,21543282
2399,1197,221,21543282
2400,1127,221,21543282
2401,1128,221,21543282
2402,1198,221,21543282
2403,1199,221,21543282
2404,1129,221,21543282
2405,1130,221,21543282
2406,1131,221,21543282
2407,1331,221,21543282
2408,1132,221,21543282
2409,1133,221,21543282
2410,1200,221,21543282
2411,1201,221,21543282
2412,1137,225,20639501
2413,1138,225,20639501
2414,1139,225,20639501
2415,1140,225,20639501
2416,1141,225,20639501
2417,1142,225,20639501
2418,1143,225,20639501
2419,1144,225,20639501
2420,1145,225,20639501
2421,1146,225,20639501
2422,1147,225,20639501
2423,1148,225,20639501
2424,1149,225,20639501
2425,1150,225,20639501
2426,1151,225,20639501
2427,1152,225,20639501
2428,1153,225,20639501
2429,1154,225,20639501
2430,1155,225,20639501
2431,1156,225,20639501
2432,1157,225,20639501
2433,1158,225,20639501
2434,1159,225,20639501
2435,1160,225,20639501
2436,1161,225,20639501
2437,1162,225,20639501
2438,1163,225,20639501
2439,1164,225,20639501
2440,1165,225,20639501
2441,1166,225,20639501
2442,1167,225,20639501
2443,1168,225,20639501
2444,1169,225,20639501
2445,1170,225,20639501
2446,1171,225,20639501
2447,1172,225,20639501
2448,1173,225,20639501
2449,1174,225,20639501
2450,1175,225,20639501
2451,1176,225,20639501
2452,1177,225,20639501
2453,1178,225,20639501
2454,1179,225,20639501
2455,1180,225,20639501
2456,1181,225,20639501
2457,1182,225,20639501
2458,1183,225,20639501
2459,1184,225,20639501
2460,1204,211,18297081
2461,1204,212,20143881
2462,1372,220,24136191
2463,1373,220,24136191
2464,1374,220,24136191
2465,1375,220,24136191
2466,1376,220,24136191
2467,1377,220,24136191
2468,1378,220,24136191
2469,1379,220,24136191
2470,1380,220,24136191
2471,1381,220,24136191
2472,1382,220,24136191
2473,1383,220,24136191
2474,1384,220,24136191
2475,1385,220,24136191
2476,1386,220,24136191
2477,1387,220,24136191
2478,1388,220,24136191
2479,1389,220,24136191
2480,1797,220,24136191
2481,1507,217,22182468
2482,1508,218,24383450
2483,1509,218,24383450
2484,1510,218,24383450
