"m4id","m5id","spid","stkc","stkc_unit","tested_conc_unit","spid_legacy","chid","casn","chnm","code","aeid","aenm","resp_unit","nconc","npts","nrep","nmed_gtbl","hitc","modl","fitc","coff","bmad","gsid_rep","chit","flag_ids","flags","resp_max","resp_min","max_mean","max_mean_conc","max_med","max_med_conc","logc_max","logc_min","actp","modl_er","modl_tp","modl_ga","modl_gw","modl_la","modl_lw","modl_rmse","modl_prob","modl_acc","modl_acb","cnst","hill","hcov","gnls","gcov","cnst_er","cnst_aic","cnst_rmse","cnst_prob","hill_tp","hill_tp_sd","hill_ga","hill_ga_sd","hill_gw","hill_gw_sd","hill_er","hill_er_sd","hill_aic","hill_rmse","hill_prob","gnls_tp","gnls_tp_sd","gnls_ga","gnls_ga_sd","gnls_gw","gnls_gw_sd","gnls_la","gnls_la_sd","gnls_lw","gnls_lw_sd","gnls_er","gnls_er_sd","gnls_aic","gnls_rmse","gnls_prob"
991331,825804,"R1881",NA,NA,NA,NA,NA,NA,NA,NA,759,"TOX21_AR_BLA_Agonist_ch1","percent_activity",16,12896,806,0,0,"cnst",4,427.512171244597,42.7512171244597,1,FALSE,NA,NA,469.334331779386,-419.629789065863,98.8177351523939,0.602059991327962,94.488498848218,0.602059991327962,0.602059991327962,-6.52287874528034,0,4.13847264845726,NA,NA,NA,NA,NA,77.369824505881,1,NA,NA,1,NA,NA,NA,NA,4.13847264845726,149033.502417121,77.369824505881,1,NA,NA,NA,NA,NA,NA,NA,NA,NA,NA,NA,NA,NA,NA,NA,NA,NA,NA,NA,NA,NA,NA,NA,NA,NA,NA
998871,833344,"Tox21_300776",20,"mM","uM","Tox21_300776",20005,"60-35-5","Acetamide","C60355",759,"TOX21_AR_BLA_Agonist_ch1","percent_activity",15,45,3,0,0,"cnst",4,427.512171244597,42.7512171244597,1,FALSE,NA,NA,67.7698316292465,-82.9606088524754,19.0751411176775,-2,7.07618840894291,-2.69897000433602,2.30102999566398,-2.69897000433602,0,3.27642730844625,NA,NA,NA,NA,NA,34.4663701094574,1,NA,NA,1,NA,NA,NA,NA,3.27642730844625,447.837797670114,34.4663701094574,1,NA,NA,NA,NA,NA,NA,NA,NA,NA,NA,NA,NA,NA,NA,NA,NA,NA,NA,NA,NA,NA,NA,NA,NA,NA,NA
996906,831379,"Tox21_201930",20,"mM","uM","Tox21_201930",20006,"103-90-2","Acetaminophen","C103902",759,"TOX21_AR_BLA_Agonist_ch1","percent_activity",15,43,3,0,0,"cnst",4,427.512171244597,42.7512171244597,0,FALSE,NA,NA,146.747525821302,-230.56463914897,76.7649825150746,-2.30102999566398,77.7901508948415,-2.30102999566398,1.90308998699194,-3,0,3.93332237037992,NA,NA,NA,NA,NA,65.8634111120913,1,NA,NA,1,NA,NA,NA,NA,3.93332237037992,482.251837661949,65.8634111120913,1,NA,NA,NA,NA,NA,NA,NA,NA,NA,NA,NA,NA,NA,NA,NA,NA,NA,NA,NA,NA,NA,NA,NA,NA,NA,NA
998198,832671,"Tox21_300100",20,"mM","uM","Tox21_300100",20006,"103-90-2","Acetaminophen","C103902",759,"TOX21_AR_BLA_Agonist_ch1","percent_activity",15,45,3,0,0,"cnst",4,427.512171244597,42.7512171244597,0,FALSE,NA,NA,136.585983984506,-108.988436974015,63.5377454870606,0.477121254719662,55.8351841085622,0.477121254719662,1.90308998699194,-3,0,3.81849575120164,NA,NA,NA,NA,NA,55.0306774748388,1,NA,NA,1,NA,NA,NA,NA,3.81849575120164,492.733115428108,55.0306774748388,1,NA,NA,NA,NA,NA,NA,NA,NA,NA,NA,NA,NA,NA,NA,NA,NA,NA,NA,NA,NA,NA,NA,NA,NA,NA,NA
991728,826201,"Tox21_110397",20,"mM","uM","Tox21_110397",20006,"103-90-2","Acetaminophen","C103902",759,"TOX21_AR_BLA_Agonist_ch1","percent_activity",15,45,3,0,0,"cnst",4,427.512171244597,42.7512171244597,1,FALSE,NA,NA,98.1719778972069,-78.2079424050299,36.9987143028828,-1.22184874961636,34.4510140141876,-2.69897000433602,1.60205999132796,-3.30102999566398,0,3.39176937521744,NA,NA,NA,NA,NA,37.9653664828524,1,NA,NA,1,NA,NA,NA,NA,3.39176937521744,456.840538842202,37.9653664828524,1,NA,NA,NA,NA,NA,NA,NA,NA,NA,NA,NA,NA,NA,NA,NA,NA,NA,NA,NA,NA,NA,NA,NA,NA,NA,NA
996998,831471,"Tox21_202022",20,"mM","uM","Tox21_202022",20007,"968-81-0","Acetohexamide","C968810",759,"TOX21_AR_BLA_Agonist_ch1","percent_activity",15,43,3,0,0,"cnst",4,427.512171244597,42.7512171244597,0,FALSE,NA,NA,130.853924242669,-82.3158471097694,74.890416231585,0.845098040014257,78.8392896487904,0.845098040014257,1.90308998699194,-3,0,3.75562039163462,NA,NA,NA,NA,NA,53.694614783011,1,NA,NA,1,NA,NA,NA,NA,3.75562039163462,467.343274080776,53.694614783011,1,NA,NA,NA,NA,NA,NA,NA,NA,NA,NA,NA,NA,NA,NA,NA,NA,NA,NA,NA,NA,NA,NA,NA,NA,NA,NA
1000830,835303,"Tox21_302735",20,"mM","uM","Tox21_302735",20007,"968-81-0","Acetohexamide","C968810",759,"TOX21_AR_BLA_Agonist_ch1","percent_activity",15,45,3,0,0,"cnst",4,427.512171244597,42.7512171244597,0,FALSE,NA,NA,138.661073424578,-38.7586408798088,88.3894475340209,-1,84.8912295207879,-2.69897000433602,1.90308998699194,-3,0,3.95572692738236,NA,NA,NA,NA,NA,60.054576769316,1,NA,NA,1,NA,NA,NA,NA,3.95572692738236,502.819263642876,60.054576769316,1,NA,NA,NA,NA,NA,NA,NA,NA,NA,NA,NA,NA,NA,NA,NA,NA,NA,NA,NA,NA,NA,NA,NA,NA,NA,NA
991398,825871,"Tox21_110067",20,"mM","uM","Tox21_110067",20007,"968-81-0","Acetohexamide","C968810",759,"TOX21_AR_BLA_Agonist_ch1","percent_activity",15,45,3,0,0,"cnst",4,427.512171244597,42.7512171244597,1,FALSE,NA,NA,366.508420729616,-0.642670903609549,171.934232639534,-3.30102999566398,123.920529188104,-3.30102999566398,1.60205999132796,-3.30102999566398,0,4.41463932493143,NA,NA,NA,NA,NA,103.545492897572,1,NA,NA,1,NA,NA,NA,NA,4.41463932493143,546.65676857656,103.545492897572,1,NA,NA,NA,NA,NA,NA,NA,NA,NA,NA,NA,NA,NA,NA,NA,NA,NA,NA,NA,NA,NA,NA,NA,NA,NA,NA
997457,831930,"Tox21_202481",20,"mM","uM","Tox21_202481",20009,"75-05-8","Acetonitrile","C75058",759,"TOX21_AR_BLA_Agonist_ch1","percent_activity",15,45,3,0,0,"cnst",4,427.512171244597,42.7512171244597,1,FALSE,NA,NA,66.9429750705262,-57.4658826515383,26.600604617462,0.845098040014257,31.1016209762594,0,1.90308998699194,-3,0,3.22926976079263,NA,NA,NA,NA,NA,29.9704312608598,1,NA,NA,1,NA,NA,NA,NA,3.22926976079263,439.073944972199,29.9704312608598,1,NA,NA,NA,NA,NA,NA,NA,NA,NA,NA,NA,NA,NA,NA,NA,NA,NA,NA,NA,NA,NA,NA,NA,NA,NA,NA
1000859,835332,"Tox21_302764",20,"mM","uM","Tox21_302764",20014,"520-45-6","Dehydroacetic acid","C520456",759,"TOX21_AR_BLA_Agonist_ch1","percent_activity",15,45,3,0,0,"cnst",4,427.512171244597,42.7512171244597,1,FALSE,NA,NA,98.5921999690919,-42.6040872381143,69.0726508790091,-1,83.3998668697125,-2.69897000433602,1.90308998699194,-3,0,3.78226566051964,NA,NA,NA,NA,NA,49.4224720341323,1,NA,NA,1,NA,NA,NA,NA,3.78226566051964,486.247658421526,49.4224720341323,1,NA,NA,NA,NA,NA,NA,NA,NA,NA,NA,NA,NA,NA,NA,NA,NA,NA,NA,NA,NA,NA,NA,NA,NA,NA,NA
995045,829518,"Tox21_200069",20,"mM","uM","Tox21_200069",20015,"114-83-0","1-Acetyl-2-phenylhydrazine","C114830",759,"TOX21_AR_BLA_Agonist_ch1","percent_activity",15,45,3,0,0,"cnst",4,427.512171244597,42.7512171244597,1,FALSE,NA,NA,103.275235753862,-48.7170793174429,91.0218180467738,1.47712125471966,94.0934701760547,1.47712125471966,1.90308998699194,-3,0,3.61174336064392,NA,NA,NA,NA,NA,45.930614608441,1,NA,NA,1,NA,NA,NA,NA,3.61174336064392,475.462496250266,45.930614608441,1,NA,NA,NA,NA,NA,NA,NA,NA,NA,NA,NA,NA,NA,NA,NA,NA,NA,NA,NA,NA,NA,NA,NA,NA,NA,NA
999292,833765,"Tox21_301197",20,"mM","uM","Tox21_301197",20020,"18699-02-0","4-Acetylaminophenylacetic acid","C18699020",759,"TOX21_AR_BLA_Agonist_ch1","percent_activity",15,45,3,0,0,"cnst",4,427.512171244597,42.7512171244597,0,FALSE,NA,NA,47.4169441144763,-73.18538211844,13.5659767575069,-2.30102999566398,23.4343168425373,-2.30102999566398,1.90308998699194,-3,0,3.23026194074482,NA,NA,NA,NA,NA,30.2988500216754,1,NA,NA,1,NA,NA,NA,NA,3.23026194074482,439.330062061632,30.2988500216754,1,NA,NA,NA,NA,NA,NA,NA,NA,NA,NA,NA,NA,NA,NA,NA,NA,NA,NA,NA,NA,NA,NA,NA,NA,NA,NA
993151,827624,"Tox21_111820",20,"mM","uM","Tox21_111820",20020,"18699-02-0","4-Acetylaminophenylacetic acid","C18699020",759,"TOX21_AR_BLA_Agonist_ch1","percent_activity",15,45,3,0,0,"cnst",4,427.512171244597,42.7512171244597,1,FALSE,NA,NA,145.532718900865,-126.062496641148,63.6478997236117,-3,61.7683677127438,1.30102999566398,1.60205999132796,-3.30102999566398,0,4.23248570846598,NA,NA,NA,NA,NA,79.9649515909058,1,NA,NA,1,NA,NA,NA,NA,4.23248570846598,528.518602132564,79.9649515909058,1,NA,NA,NA,NA,NA,NA,NA,NA,NA,NA,NA,NA,NA,NA,NA,NA,NA,NA,NA,NA,NA,NA,NA,NA,NA,NA
996054,830527,"Tox21_201078",20,"mM","uM","Tox21_201078",20021,"616-91-1","N-Acetyl-L-cysteine","C616911",759,"TOX21_AR_BLA_Agonist_ch1","percent_activity",15,45,3,0,0,"cnst",4,427.512171244597,42.7512171244597,0,FALSE,NA,NA,57.0563816095336,-17.5460132552444,40.9526088663669,-1.69897000433602,44.7127004730955,-1.69897000433602,1.90308998699194,-3,0,3.10618765579061,NA,NA,NA,NA,NA,26.3634918572808,1,NA,NA,1,NA,NA,NA,NA,3.10618765579061,427.757692696939,26.3634918572808,1,NA,NA,NA,NA,NA,NA,NA,NA,NA,NA,NA,NA,NA,NA,NA,NA,NA,NA,NA,NA,NA,NA,NA,NA,NA,NA
992208,826681,"Tox21_110877",20,"mM","uM","Tox21_110877",20021,"616-91-1","N-Acetyl-L-cysteine","C616911",759,"TOX21_AR_BLA_Agonist_ch1","percent_activity",15,45,3,0,0,"cnst",4,427.512171244597,42.7512171244597,1,FALSE,NA,NA,99.2154564589073,-100.679193554645,-0.983799325043304,1.60205999132796,2.55203200456941,-1.52287874528034,1.60205999132796,-3.30102999566398,0,3.60952384653215,NA,NA,NA,NA,NA,44.1648546415165,1,NA,NA,1,NA,NA,NA,NA,3.60952384653215,473.299566856619,44.1648546415165,1,NA,NA,NA,NA,NA,NA,NA,NA,NA,NA,NA,NA,NA,NA,NA,NA,NA,NA,NA,NA,NA,NA,NA,NA,NA,NA
998855,833328,"Tox21_300760",20,"mM","uM","Tox21_300760",20022,"50594-66-6","Acifluorfen","C50594666",759,"TOX21_AR_BLA_Agonist_ch1","percent_activity",15,45,3,0,0,"cnst",4,427.512171244597,42.7512171244597,0,FALSE,NA,NA,83.0717818868582,-205.405522632934,38.2896943394489,-0.221848749616356,46.6834333479535,-1.69897000433602,1.90308998699194,-3,0,3.6672457847585,NA,NA,NA,NA,NA,57.9582415408567,1,NA,NA,1,NA,NA,NA,NA,3.6672457847585,487.258311871567,57.9582415408567,1,NA,NA,NA,NA,NA,NA,NA,NA,NA,NA,NA,NA,NA,NA,NA,NA,NA,NA,NA,NA,NA,NA,NA,NA,NA,NA
996815,831288,"Tox21_201839",20,"mM","uM","Tox21_201839",20022,"50594-66-6","Acifluorfen","C50594666",759,"TOX21_AR_BLA_Agonist_ch1","percent_activity",15,43,3,0,0,"cnst",4,427.512171244597,42.7512171244597,1,FALSE,NA,NA,53.3245215960993,-240.995114292945,4.79747097188567,-1.22184874961636,-1.73950456690317,-2,1.90308998699194,-3,0,4.04667493830996,NA,NA,NA,NA,NA,75.2621141507976,1,NA,NA,1,NA,NA,NA,NA,4.04667493830996,493.692153870979,75.2621141507976,1,NA,NA,NA,NA,NA,NA,NA,NA,NA,NA,NA,NA,NA,NA,NA,NA,NA,NA,NA,NA,NA,NA,NA,NA,NA,NA
995960,830433,"Tox21_200984",20,"mM","uM","Tox21_200984",20023,"107-02-8","Acrolein","C107028",759,"TOX21_AR_BLA_Agonist_ch1","percent_activity",15,45,3,0,0,"cnst",4,427.512171244597,42.7512171244597,1,FALSE,NA,NA,128.340887824914,-57.9034399144385,49.0579091240778,-1,37.2396037619848,1.47712125471966,1.90308998699194,-3,0,3.08343881227538,NA,NA,NA,NA,NA,31.4422904680902,1,NA,NA,1,NA,NA,NA,NA,3.08343881227538,431.861710159811,31.4422904680902,1,NA,NA,NA,NA,NA,NA,NA,NA,NA,NA,NA,NA,NA,NA,NA,NA,NA,NA,NA,NA,NA,NA,NA,NA,NA,NA
995205,829678,"Tox21_200229",20,"mM","uM","Tox21_200229",20024,"3054-95-3","Acrolein diethylacetal","C3054953",759,"TOX21_AR_BLA_Agonist_ch1","percent_activity",15,45,3,0,0,"cnst",4,427.512171244597,42.7512171244597,1,FALSE,NA,NA,46.8681931557647,-99.5296538891656,-4.3658218125225,1.90308998699194,-7.57690284861605,1.47712125471966,1.90308998699194,-3,0,3.86576059377016,NA,NA,NA,NA,NA,52.2939935905,1,NA,NA,1,NA,NA,NA,NA,3.86576059377016,492.581214913822,52.2939935905,1,NA,NA,NA,NA,NA,NA,NA,NA,NA,NA,NA,NA,NA,NA,NA,NA,NA,NA,NA,NA,NA,NA,NA,NA,NA,NA
998243,832716,"Tox21_300145",20,"mM","uM","Tox21_300145",20027,"79-06-1","Acrylamide","C79061",759,"TOX21_AR_BLA_Agonist_ch1","percent_activity",15,45,3,3,0,"hill",13,427.512171244597,42.7512171244597,0,FALSE,"8","Multiple points above baseline, inactive",219.951914093157,-71.9653788905774,120.000327380489,1.30102999566398,163.348982653698,1.47712125471966,1.90308998699194,-3,0.999991445002614,4.25122470166725,185.773248224373,0.511625736810289,0.301721973054453,NA,NA,81.9662219058946,0.874116269819837,NA,1.6658469601149,1,1,1,1,1,4.5661407527246,559.483182340511,113.390040967448,8.55499738586119e-06,185.773248224373,178.633289549214,0.511625736810289,3.11376325092453,0.301721973054453,0.264872657131254,4.25122470166725,0.13733917977952,536.414276188822,81.9662219058946,0.874116269819837,228.181391389436,NA,1.02782366876479,NA,0.30000000204821,NA,1.95605172023236,NA,14.0603146717402,NA,4.24501367922741,NA,540.290121500582,82.2791272634938,0.125875175182777
996502,830975,"Tox21_201526",20,"mM","uM","Tox21_201526",20027,"79-06-1","Acrylamide","C79061",759,"TOX21_AR_BLA_Agonist_ch1","percent_activity",15,43,3,0,0,"cnst",4,427.512171244597,42.7512171244597,1,FALSE,NA,NA,124.494719745523,-92.5334730433111,79.9473433629317,-3,79.9473433629317,-3,1.90308998699194,-3,0,3.99094095943273,NA,NA,NA,NA,NA,60.5978931595577,1,NA,NA,1,NA,NA,NA,NA,3.99094095943273,482.500101980637,60.5978931595577,1,NA,NA,NA,NA,NA,NA,NA,NA,NA,NA,NA,NA,NA,NA,NA,NA,NA,NA,NA,NA,NA,NA,NA,NA,NA,NA
1001046,835519,"Tox21_302951",20,"mM","uM","Tox21_302951",20029,"107-13-1","Acrylonitrile","C107131",759,"TOX21_AR_BLA_Agonist_ch1","percent_activity",15,45,3,0,0,"cnst",4,427.512171244597,42.7512171244597,0,FALSE,NA,NA,85.5341406915043,-70.6609718864943,41.4682507354189,-1.69897000433602,47.6474256483353,1.30102999566398,1.90308998699194,-3,0,3.41399862179189,NA,NA,NA,NA,NA,35.9631024822026,1,NA,NA,1,NA,NA,NA,NA,3.41399862179189,455.411066288531,35.9631024822026,1,NA,NA,NA,NA,NA,NA,NA,NA,NA,NA,NA,NA,NA,NA,NA,NA,NA,NA,NA,NA,NA,NA,NA,NA,NA,NA
997052,831525,"Tox21_202076",20,"mM","uM","Tox21_202076",20029,"107-13-1","Acrylonitrile","C107131",759,"TOX21_AR_BLA_Agonist_ch1","percent_activity",15,43,3,0,0,"cnst",4,427.512171244597,42.7512171244597,1,FALSE,NA,NA,113.622310006067,-79.8035412202549,25.7141274701768,0.602059991327962,41.7477681439053,0.602059991327962,1.95424250943932,-3,0,3.51149432528458,NA,NA,NA,NA,NA,41.4760763760329,1,NA,NA,1,NA,NA,NA,NA,3.51149432528458,445.138968032072,41.4760763760329,1,NA,NA,NA,NA,NA,NA,NA,NA,NA,NA,NA,NA,NA,NA,NA,NA,NA,NA,NA,NA,NA,NA,NA,NA,NA,NA
997458,831931,"Tox21_202482",20,"mM","uM","Tox21_202482",20031,"50-76-0","Actinomycin D","C50760",759,"TOX21_AR_BLA_Agonist_ch1","percent_activity",15,45,3,0,0,"cnst",4,427.512171244597,42.7512171244597,0,FALSE,NA,NA,114.18312856602,-196.455597742973,23.3197927764963,-1.22184874961636,37.9395721849762,-1.22184874961636,1.60205999132796,-3.30102999566398,0,4.31918039113384,NA,NA,NA,NA,NA,85.3557449105976,1,NA,NA,1,NA,NA,NA,NA,4.31918039113384,535.05070851908,85.3557449105976,1,NA,NA,NA,NA,NA,NA,NA,NA,NA,NA,NA,NA,NA,NA,NA,NA,NA,NA,NA,NA,NA,NA,NA,NA,NA,NA
993329,827802,"Tox21_111997",20,"mM","uM","Tox21_111997",20031,"50-76-0","Actinomycin D","C50760",759,"TOX21_AR_BLA_Agonist_ch1","percent_activity",15,45,3,0,0,"cnst",4,427.512171244597,42.7512171244597,1,FALSE,NA,NA,50.1040745997518,-112.721187770391,13.8976005276495,-2.30102999566398,7.7903276260105,-2.30102999566398,1.60205999132796,-3.30102999566398,0,3.64861353627509,NA,NA,NA,NA,NA,46.060385456394,1,NA,NA,1,NA,NA,NA,NA,3.64861353627509,476.981274905166,46.060385456394,1,NA,NA,NA,NA,NA,NA,NA,NA,NA,NA,NA,NA,NA,NA,NA,NA,NA,NA,NA,NA,NA,NA,NA,NA,NA,NA
995323,829796,"Tox21_200347",20,"mM","uM","Tox21_200347",20032,"628-94-4","Adipamide","C628944",759,"TOX21_AR_BLA_Agonist_ch1","percent_activity",15,45,3,0,0,"cnst",4,427.512171244597,42.7512171244597,1,FALSE,NA,NA,137.597979844146,-31.8414048962415,67.8456143822262,-0.221848749616356,43.3193544223386,0.845098040014257,1.90308998699194,-3,0,3.78911973993254,NA,NA,NA,NA,NA,60.4988832941176,1,NA,NA,1,NA,NA,NA,NA,3.78911973993254,496.468324583543,60.4988832941176,1,NA,NA,NA,NA,NA,NA,NA,NA,NA,NA,NA,NA,NA,NA,NA,NA,NA,NA,NA,NA,NA,NA,NA,NA,NA,NA
993057,827530,"Tox21_111726",20,"mM","uM","Tox21_111726",20038,"22131-79-9","Alclofenac","C22131799",759,"TOX21_AR_BLA_Agonist_ch1","percent_activity",15,45,3,0,0,"cnst",4,427.512171244597,42.7512171244597,1,FALSE,NA,NA,61.1357302618202,-108.902072800932,14.8966969199929,-0.522878745280338,17.5379744719865,1.30102999566398,1.60205999132796,-3.30102999566398,0,3.89326835636183,NA,NA,NA,NA,NA,55.4539821604772,1,NA,NA,1,NA,NA,NA,NA,3.89326835636183,496.550434373261,55.4539821604772,1,NA,NA,NA,NA,NA,NA,NA,NA,NA,NA,NA,NA,NA,NA,NA,NA,NA,NA,NA,NA,NA,NA,NA,NA,NA,NA
998270,832743,"Tox21_300172",20,"mM","uM","Tox21_300172",20040,"309-00-2","Aldrin","C309002",759,"TOX21_AR_BLA_Agonist_ch1","percent_activity",15,45,3,4,0,"hill",13,427.512171244597,42.7512171244597,0,FALSE,"8","Multiple points above baseline, inactive",301.206969015356,-53.0671443249431,190.266872850175,1.90308998699194,161.329757296969,0.477121254719662,1.90308998699194,-3,0.999999999659572,4.22476134319437,150.017794031124,-2.00692682986041,0.300000008978065,NA,NA,80.213576140442,0.903699952180682,NA,0.56083367455057,1,1,1,1,1,4.80483223099741,577.999777820856,136.579102513474,3.40427706013361e-10,150.017794031124,NA,-2.00692682986041,NA,0.300000008978065,NA,4.22476134319437,NA,534.600656930789,80.213576140442,0.903699952180682,190.170537138496,NA,-1.19259221545671,NA,0.300000000854367,NA,3.86691891729532,NA,0.300000017243196,NA,4.23799090300726,NA,539.078714095104,80.8955493667747,0.0963000474788908
997048,831521,"Tox21_202072",20,"mM","uM","Tox21_202072",20040,"309-00-2","Aldrin","C309002",759,"TOX21_AR_BLA_Agonist_ch1","percent_activity",15,43,3,0,0,"cnst",4,427.512171244597,42.7512171244597,1,FALSE,NA,NA,120.660400008351,-98.3327731268973,58.1283114498935,1.90308998699194,48.4579353062039,1.90308998699194,1.90308998699194,-3,0,3.86638472317346,NA,NA,NA,NA,NA,55.1766076218104,1,NA,NA,1,NA,NA,NA,NA,3.86638472317346,473.186849432392,55.1766076218104,1,NA,NA,NA,NA,NA,NA,NA,NA,NA,NA,NA,NA,NA,NA,NA,NA,NA,NA,NA,NA,NA,NA,NA,NA,NA,NA
997063,831536,"Tox21_202087",20,"mM","uM","Tox21_202087",20043,"97-59-6","Allantoin","C97596",759,"TOX21_AR_BLA_Agonist_ch1","percent_activity",15,43,3,0,0,"cnst",4,427.512171244597,42.7512171244597,0,FALSE,NA,NA,128.986685675191,-165.856333967113,-0.658529677716492,1.47712125471966,-0.871652180136977,1.90308998699194,1.90308998699194,-3,0,4.00813563730703,NA,NA,NA,NA,NA,66.2921764675787,1,NA,NA,1,NA,NA,NA,NA,4.00813563730703,487.130050814436,66.2921764675787,1,NA,NA,NA,NA,NA,NA,NA,NA,NA,NA,NA,NA,NA,NA,NA,NA,NA,NA,NA,NA,NA,NA,NA,NA,NA,NA
1001007,835480,"Tox21_302912",20,"mM","uM","Tox21_302912",20043,"97-59-6","Allantoin","C97596",759,"TOX21_AR_BLA_Agonist_ch1","percent_activity",15,45,3,0,0,"cnst",4,427.512171244597,42.7512171244597,0,FALSE,NA,NA,117.460285016417,-42.7498346577744,61.0210882357823,0.845098040014257,71.8229929587972,1.90308998699194,1.90308998699194,-3,0,3.66733529968922,NA,NA,NA,NA,NA,48.7682432155742,1,NA,NA,1,NA,NA,NA,NA,3.66733529968922,480.448872901738,48.7682432155742,1,NA,NA,NA,NA,NA,NA,NA,NA,NA,NA,NA,NA,NA,NA,NA,NA,NA,NA,NA,NA,NA,NA,NA,NA,NA,NA
991726,826199,"Tox21_110395",20,"mM","uM","Tox21_110395",20043,"97-59-6","Allantoin","C97596",759,"TOX21_AR_BLA_Agonist_ch1","percent_activity",15,45,3,0,0,"cnst",4,427.512171244597,42.7512171244597,1,FALSE,NA,NA,179.832581077768,-61.5543872630418,89.9208449559864,-3.69897000433602,98.4372067543508,-3.69897000433602,1.30102999566398,-3.69897000433602,0,4.03966578334956,NA,NA,NA,NA,NA,66.157248668275,1,NA,NA,1,NA,NA,NA,NA,4.03966578334956,510.826505151228,66.157248668275,1,NA,NA,NA,NA,NA,NA,NA,NA,NA,NA,NA,NA,NA,NA,NA,NA,NA,NA,NA,NA,NA,NA,NA,NA,NA,NA
1001593,836066,"Tox21_303507",20,"mM","uM","Tox21_303507",20044,"107-18-6","Allyl alcohol","C107186",759,"TOX21_AR_BLA_Agonist_ch1","percent_activity",15,45,3,0,0,"cnst",4,427.512171244597,42.7512171244597,0,FALSE,NA,NA,49.751434649983,-109.531081263499,-4.71717598192977,-1,-20.2351449100481,-1,1.90308998699194,-3,0,3.73726538823938,NA,NA,NA,NA,NA,47.463427935158,1,NA,NA,1,NA,NA,NA,NA,3.73726538823938,482.098553921785,47.463427935158,1,NA,NA,NA,NA,NA,NA,NA,NA,NA,NA,NA,NA,NA,NA,NA,NA,NA,NA,NA,NA,NA,NA,NA,NA,NA,NA
995176,829649,"Tox21_200200",20,"mM","uM","Tox21_200200",20044,"107-18-6","Allyl alcohol","C107186",759,"TOX21_AR_BLA_Agonist_ch1","percent_activity",15,45,3,0,0,"cnst",4,427.512171244597,42.7512171244597,1,FALSE,NA,NA,23.9742952558368,-84.2138285151579,-2.97177704112489,-1.52287874528034,0.155232773926913,1.30102999566398,1.90308998699194,-3,0,3.35287056524251,NA,NA,NA,NA,NA,35.4445023418837,1,NA,NA,1,NA,NA,NA,NA,3.35287056524251,452.278877669491,35.4445023418837,1,NA,NA,NA,NA,NA,NA,NA,NA,NA,NA,NA,NA,NA,NA,NA,NA,NA,NA,NA,NA,NA,NA,NA,NA,NA,NA
997225,831698,"Tox21_202249",20,"mM","uM","Tox21_202249",20047,"57-06-7","Allyl isothiocyanate","C57067",759,"TOX21_AR_BLA_Agonist_ch1","percent_activity",15,43,3,0,0,"cnst",4,427.512171244597,42.7512171244597,0,FALSE,NA,NA,163.274876481336,-65.4380155687231,66.0633636579436,-2,40.3641445378319,1.30102999566398,1.90308998699194,-3,0,3.26017340173587,NA,NA,NA,NA,NA,37.86388141942,1,NA,NA,1,NA,NA,NA,NA,3.26017340173587,427.187546825591,37.86388141942,1,NA,NA,NA,NA,NA,NA,NA,NA,NA,NA,NA,NA,NA,NA,NA,NA,NA,NA,NA,NA,NA,NA,NA,NA,NA,NA
1000985,835458,"Tox21_302890",20,"mM","uM","Tox21_302890",20047,"57-06-7","Allyl isothiocyanate","C57067",759,"TOX21_AR_BLA_Agonist_ch1","percent_activity",15,45,3,0,0,"cnst",4,427.512171244597,42.7512171244597,0,FALSE,NA,NA,106.899493118551,-75.9697429034581,42.0820879719839,-2.69897000433602,53.627989979196,-2.69897000433602,1.90308998699194,-3,0,3.2753901482948,NA,NA,NA,NA,NA,35.1113609545261,1,NA,NA,1,NA,NA,NA,NA,3.2753901482948,447.673013716612,35.1113609545261,1,NA,NA,NA,NA,NA,NA,NA,NA,NA,NA,NA,NA,NA,NA,NA,NA,NA,NA,NA,NA,NA,NA,NA,NA,NA,NA
992496,826969,"Tox21_111165",20,"mM","uM","Tox21_111165",20047,"57-06-7","Allyl isothiocyanate","C57067",759,"TOX21_AR_BLA_Agonist_ch1","percent_activity",15,45,3,0,0,"cnst",4,427.512171244597,42.7512171244597,1,FALSE,NA,NA,155.322942543473,-98.8458433983781,44.1091731971663,-2.30102999566398,18.1899838106449,-1.52287874528034,1.60205999132796,-3.30102999566398,0,3.31299464497118,NA,NA,NA,NA,NA,39.7792180642717,1,NA,NA,1,NA,NA,NA,NA,3.31299464497118,452.962985623374,39.7792180642717,1,NA,NA,NA,NA,NA,NA,NA,NA,NA,NA,NA,NA,NA,NA,NA,NA,NA,NA,NA,NA,NA,NA,NA,NA,NA,NA
995629,830102,"Tox21_200653",20,"mM","uM","Tox21_200653",20053,"17026-81-2","3-Amino-4-ethoxyacetanilide","C17026812",759,"TOX21_AR_BLA_Agonist_ch1","percent_activity",15,45,3,0,0,"cnst",4,427.512171244597,42.7512171244597,1,FALSE,NA,NA,220.057157432809,-76.2100934889581,86.3231671629372,-0.221848749616356,42.95453711518,1.47712125471966,1.90308998699194,-3,0,4.03359120288395,NA,NA,NA,NA,NA,84.6255813224226,1,NA,NA,1,NA,NA,NA,NA,4.03359120288395,523.447953738854,84.6255813224226,1,NA,NA,NA,NA,NA,NA,NA,NA,NA,NA,NA,NA,NA,NA,NA,NA,NA,NA,NA,NA,NA,NA,NA,NA,NA,NA
995462,829935,"Tox21_200486",20,"mM","uM","Tox21_200486",20054,"6109-97-3","3-Amino-9-ethylcarbazole hydrochloride","C6109973",759,"TOX21_AR_BLA_Agonist_ch1","percent_activity",15,45,3,0,0,"cnst",4,427.512171244597,42.7512171244597,1,FALSE,NA,NA,69.961282198269,-133.732807519853,18.5269081261383,-2.30102999566398,-3.6859247327292,-2.30102999566398,1.90308998699194,-3,0,3.86588986867499,NA,NA,NA,NA,NA,59.1105295763051,1,NA,NA,1,NA,NA,NA,NA,3.86588986867499,498.320194640435,59.1105295763051,1,NA,NA,NA,NA,NA,NA,NA,NA,NA,NA,NA,NA,NA,NA,NA,NA,NA,NA,NA,NA,NA,NA,NA,NA,NA,NA
1001059,835532,"Tox21_302964",20,"mM","uM","Tox21_302964",20057,"82-28-0","1-Amino-2-methylanthraquinone","C82280",759,"TOX21_AR_BLA_Agonist_ch1","percent_activity",15,45,3,0,0,"cnst",4,427.512171244597,42.7512171244597,0,FALSE,NA,NA,124.631947855408,-65.3236838685847,68.583567542383,-2.69897000433602,92.6078554455408,-2.69897000433602,1.90308998699194,-3,0,3.32857019055257,NA,NA,NA,NA,NA,38.2775060947535,1,NA,NA,1,NA,NA,NA,NA,3.32857019055257,453.648148618309,38.2775060947535,1,NA,NA,NA,NA,NA,NA,NA,NA,NA,NA,NA,NA,NA,NA,NA,NA,NA,NA,NA,NA,NA,NA,NA,NA,NA,NA
996657,831130,"Tox21_201681",20,"mM","uM","Tox21_201681",20057,"82-28-0","1-Amino-2-methylanthraquinone","C82280",759,"TOX21_AR_BLA_Agonist_ch1","percent_activity",15,88,6,0,0,"cnst",4,427.512171244597,42.7512171244597,1,FALSE,NA,NA,119.378574942171,-309.016989465314,49.3681095005197,-3,40.0161358782432,-3,1.90308998699194,-3,0,4.00817138801577,NA,NA,NA,NA,NA,75.0558778083791,1,NA,NA,1,NA,NA,NA,NA,4.00817138801577,1003.01539512115,75.0558778083791,1,NA,NA,NA,NA,NA,NA,NA,NA,NA,NA,NA,NA,NA,NA,NA,NA,NA,NA,NA,NA,NA,NA,NA,NA,NA,NA
998742,833215,"Tox21_300647",20,"mM","uM","Tox21_300647",20058,"3775-55-1","2-Amino-5-(5-nitro-2-furyl)-1,3,4-oxadiazole","C3775551",759,"TOX21_AR_BLA_Agonist_ch1","percent_activity",15,45,3,0,0,"cnst",4,427.512171244597,42.7512171244597,1,FALSE,NA,NA,61.160133155725,-66.7193165627054,30.4590201844867,-1.30102999566398,36.3452761978142,-1.30102999566398,1.90308998699194,-3,0,3.40444713540259,NA,NA,NA,NA,NA,33.8308014025801,1,NA,NA,1,NA,NA,NA,NA,3.40444713540259,452.336166913448,33.8308014025801,1,NA,NA,NA,NA,NA,NA,NA,NA,NA,NA,NA,NA,NA,NA,NA,NA,NA,NA,NA,NA,NA,NA,NA,NA,NA,NA
1000883,835356,"Tox21_302788",20,"mM","uM","Tox21_302788",20062,"99-57-0","2-Amino-4-nitrophenol","C99570",759,"TOX21_AR_BLA_Agonist_ch1","percent_activity",15,45,3,0,0,"cnst",4,427.512171244597,42.7512171244597,0,FALSE,NA,NA,114.954621607456,-86.942451959336,63.2734793531005,0.845098040014257,75.4195245451688,-0.522878745280338,1.90308998699194,-3,0,3.71469011866406,NA,NA,NA,NA,NA,48.6575758771543,1,NA,NA,1,NA,NA,NA,NA,3.71469011866406,482.685607251598,48.6575758771543,1,NA,NA,NA,NA,NA,NA,NA,NA,NA,NA,NA,NA,NA,NA,NA,NA,NA,NA,NA,NA,NA,NA,NA,NA,NA,NA
996327,830800,"Tox21_201351",20,"mM","uM","Tox21_201351",20062,"99-57-0","2-Amino-4-nitrophenol","C99570",759,"TOX21_AR_BLA_Agonist_ch1","percent_activity",15,43,3,0,0,"cnst",4,427.512171244597,42.7512171244597,1,FALSE,NA,NA,49.8021747228583,-163.031231399005,25.3672402741802,-2.30102999566398,21.6402000682489,-0.522878745280338,1.90308998699194,-3,0,3.27702059737553,NA,NA,NA,NA,NA,41.4199917182049,1,NA,NA,1,NA,NA,NA,NA,3.27702059737553,432.331404931201,41.4199917182049,1,NA,NA,NA,NA,NA,NA,NA,NA,NA,NA,NA,NA,NA,NA,NA,NA,NA,NA,NA,NA,NA,NA,NA,NA,NA,NA
1001775,836248,"Tox21_400036",20,"mM","uM","Tox21_400036",20063,"121-88-0","2-Amino-5-nitrophenol","C121880",759,"TOX21_AR_BLA_Agonist_ch1","percent_activity",15,626,42,0,0,"cnst",4,427.512171244597,42.7512171244597,1,FALSE,NA,NA,222.397344923833,-352.601777144966,15.9158146233877,-1.69897000433602,23.6139730938246,1.90308998699194,1.90308998699194,-3,0,3.58782753304309,NA,NA,NA,NA,NA,50.7618203664776,1,NA,NA,1,NA,NA,NA,NA,3.58782753304309,6591.17551317908,50.7618203664776,1,NA,NA,NA,NA,NA,NA,NA,NA,NA,NA,NA,NA,NA,NA,NA,NA,NA,NA,NA,NA,NA,NA,NA,NA,NA,NA
1001766,836239,"Tox21_400027",20,"mM","uM","Tox21_400027",20064,"119-34-6","4-Amino-2-nitrophenol","C119346",759,"TOX21_AR_BLA_Agonist_ch1","percent_activity",15,626,42,0,0,"cnst",4,427.512171244597,42.7512171244597,1,FALSE,NA,NA,196.88255676518,-259.748062063241,-4.99380215514193,-0.522878745280338,-6.35696407319258,-2,1.90308998699194,-3,0,3.78510048183403,NA,NA,NA,NA,NA,56.0151673509081,1,NA,NA,1,NA,NA,NA,NA,3.78510048183403,6807.7189729507,56.0151673509081,1,NA,NA,NA,NA,NA,NA,NA,NA,NA,NA,NA,NA,NA,NA,NA,NA,NA,NA,NA,NA,NA,NA,NA,NA,NA,NA
1001658,836131,"Tox21_303575",20,"mM","uM","Tox21_303575",20066,"121-66-4","2-Amino-5-nitrothiazole","C121664",759,"TOX21_AR_BLA_Agonist_ch1","percent_activity",15,45,3,0,0,"cnst",4,427.512171244597,42.7512171244597,0,FALSE,NA,NA,118.081259512753,-84.9562260593385,53.8189823131548,-0.221848749616356,67.2366740665815,-0.221848749616356,1.90308998699194,-3,0,3.55782073929722,NA,NA,NA,NA,NA,44.6847733373994,1,NA,NA,1,NA,NA,NA,NA,3.55782073929722,471.557637591623,44.6847733373994,1,NA,NA,NA,NA,NA,NA,NA,NA,NA,NA,NA,NA,NA,NA,NA,NA,NA,NA,NA,NA,NA,NA,NA,NA,NA,NA
997353,831826,"Tox21_202377",20,"mM","uM","Tox21_202377",20066,"121-66-4","2-Amino-5-nitrothiazole","C121664",759,"TOX21_AR_BLA_Agonist_ch1","percent_activity",15,43,3,0,0,"cnst",4,427.512171244597,42.7512171244597,1,FALSE,NA,NA,136.233428202445,-113.611291030275,25.7510162952842,-1.22184874961636,18.7295857612668,1.47712125471966,1.90308998699194,-3,0,3.54382489924336,NA,NA,NA,NA,NA,49.1590792664665,1,NA,NA,1,NA,NA,NA,NA,3.54382489924336,454.510569558722,49.1590792664665,1,NA,NA,NA,NA,NA,NA,NA,NA,NA,NA,NA,NA,NA,NA,NA,NA,NA,NA,NA,NA,NA,NA,NA,NA,NA,NA
998199,832672,"Tox21_300101",20,"mM","uM","Tox21_300101",20068,"117-79-3","2-Aminoanthraquinone","C117793",759,"TOX21_AR_BLA_Agonist_ch1","percent_activity",15,45,3,0,0,"cnst",4,427.512171244597,42.7512171244597,0,FALSE,NA,NA,141.713591099825,-105.527868873077,68.5462673682129,-2,87.2312668322754,-2,1.90308998699194,-3,0,3.94720055612783,NA,NA,NA,NA,NA,61.7359837856946,1,NA,NA,1,NA,NA,NA,NA,3.94720055612783,503.767890958806,61.7359837856946,1,NA,NA,NA,NA,NA,NA,NA,NA,NA,NA,NA,NA,NA,NA,NA,NA,NA,NA,NA,NA,NA,NA,NA,NA,NA,NA
996497,830970,"Tox21_201521",20,"mM","uM","Tox21_201521",20068,"117-79-3","2-Aminoanthraquinone","C117793",759,"TOX21_AR_BLA_Agonist_ch1","percent_activity",15,88,6,0,0,"cnst",4,427.512171244597,42.7512171244597,1,FALSE,NA,NA,190.441627410148,-163.585095722249,100.310458879204,-2.69897000433602,106.552691947866,-2.69897000433602,1.90308998699194,-3,0,4.28050098119581,NA,NA,NA,NA,NA,82.7051738887515,1,NA,NA,1,NA,NA,NA,NA,4.28050098119581,1038.03140083362,82.7051738887515,1,NA,NA,NA,NA,NA,NA,NA,NA,NA,NA,NA,NA,NA,NA,NA,NA,NA,NA,NA,NA,NA,NA,NA,NA,NA,NA
998398,832871,"Tox21_300300",20,"mM","uM","Tox21_300300",20069,"97-56-3","2-Amino-5-azotoluene","C97563",759,"TOX21_AR_BLA_Agonist_ch1","percent_activity",15,45,3,1,0,"hill",13,427.512171244597,42.7512171244597,0,FALSE,NA,NA,226.257404342367,-121.94982797068,167.243630024882,1.90308998699194,150.205669232505,1.90308998699194,1.90308998699194,-3,0.999938618773451,3.36413145763715,270.677246753692,1.88724566263886,7.99999945075359,NA,NA,42.3006306721563,0.881300061122014,NA,1.88155663640768,1,1,1,1,1,3.5778918134583,485.518678427235,60.3584178952908,6.13812265494382e-05,270.677246753692,NA,1.88724566263886,NA,7.99999945075359,NA,3.36413145763715,NA,466.374579614103,42.3006306721563,0.881300061122014,212.851785464845,NA,1.84959784674958,NA,7.99995839554765,NA,3.8149331132168,NA,1.57137288953802,NA,3.36406826525275,NA,470.385212852221,42.3083779240602,0.118638557651437
997237,831710,"Tox21_202261",20,"mM","uM","Tox21_202261",20069,"97-56-3","2-Amino-5-azotoluene","C97563",759,"TOX21_AR_BLA_Agonist_ch1","percent_activity",15,88,6,0,0,"cnst",4,427.512171244597,42.7512171244597,1,FALSE,NA,NA,203.578791594688,-261.945818542624,82.4974105238483,1.90308998699194,118.041161061882,1.90308998699194,1.90308998699194,-3,0,4.21656556422676,NA,NA,NA,NA,NA,91.8194012136338,1,NA,NA,1,NA,NA,NA,NA,4.21656556422676,1041.60174418175,91.8194012136338,1,NA,NA,NA,NA,NA,NA,NA,NA,NA,NA,NA,NA,NA,NA,NA,NA,NA,NA,NA,NA,NA,NA,NA,NA,NA,NA
991412,825885,"Tox21_110081",20,"mM","uM","Tox21_110081",20070,"60-32-2","6-Aminocaproic acid","C60322",759,"TOX21_AR_BLA_Agonist_ch1","percent_activity",15,45,3,0,0,"cnst",4,427.512171244597,42.7512171244597,1,FALSE,NA,NA,53.7217589082638,-148.648991208361,7.99237002266363,-0.522878745280338,26.2851834317412,-0.522878745280338,1.30102999566398,-3.69897000433602,0,3.49587420031113,NA,NA,NA,NA,NA,41.615004996383,1,NA,NA,1,NA,NA,NA,NA,3.49587420031113,464.191253786731,41.615004996383,1,NA,NA,NA,NA,NA,NA,NA,NA,NA,NA,NA,NA,NA,NA,NA,NA,NA,NA,NA,NA,NA,NA,NA,NA,NA,NA
995352,829825,"Tox21_200376",20,"mM","uM","Tox21_200376",20071,"92-67-1","4-Biphenylamine","C92671",759,"TOX21_AR_BLA_Agonist_ch1","percent_activity",15,45,3,0,0,"cnst",4,427.512171244597,42.7512171244597,1,FALSE,NA,NA,41.3912921150735,-115.713705630425,22.0739277696994,-0.522878745280338,22.8252969861413,-0.522878745280338,1.90308998699194,-3,0,3.14676083130537,NA,NA,NA,NA,NA,31.2903778813694,1,NA,NA,1,NA,NA,NA,NA,3.14676083130537,435.453816595001,31.2903778813694,1,NA,NA,NA,NA,NA,NA,NA,NA,NA,NA,NA,NA,NA,NA,NA,NA,NA,NA,NA,NA,NA,NA,NA,NA,NA,NA
999068,833541,"Tox21_300973",20,"mM","uM","Tox21_300973",20072,"2113-61-3","4-Biphenylamine hydrochloride","C2113613",759,"TOX21_AR_BLA_Agonist_ch1","percent_activity",15,45,3,0,0,"cnst",4,427.512171244597,42.7512171244597,1,FALSE,NA,NA,89.690882906596,-134.692414859624,51.8046002890362,-0.522878745280338,62.9613682724221,-0.522878745280338,1.90308998699194,-3,0,3.65053601598455,NA,NA,NA,NA,NA,50.0423399231393,1,NA,NA,1,NA,NA,NA,NA,3.65053601598455,480.851904557564,50.0423399231393,1,NA,NA,NA,NA,NA,NA,NA,NA,NA,NA,NA,NA,NA,NA,NA,NA,NA,NA,NA,NA,NA,NA,NA,NA,NA,NA
991488,825961,"Tox21_110157",20,"mM","uM","Tox21_110157",20074,"60142-96-3","Gabapentin","C60142963",759,"TOX21_AR_BLA_Agonist_ch1","percent_activity",15,45,3,0,0,"cnst",4,427.512171244597,42.7512171244597,1,FALSE,NA,NA,114.802908269672,-41.3441955193483,55.4955746384213,-0.154901959985743,66.8296868071753,-2.30102999566398,1.30102999566398,-3.69897000433602,0,3.80754317825597,NA,NA,NA,NA,NA,53.9820877165108,1,NA,NA,1,NA,NA,NA,NA,3.80754317825597,491.678316647695,53.9820877165108,1,NA,NA,NA,NA,NA,NA,NA,NA,NA,NA,NA,NA,NA,NA,NA,NA,NA,NA,NA,NA,NA,NA,NA,NA,NA,NA
1001086,835559,"Tox21_302991",20,"mM","uM","Tox21_302991",20076,"61-82-5","Amitrole","C61825",759,"TOX21_AR_BLA_Agonist_ch1","percent_activity",15,45,3,0,0,"cnst",4,427.512171244597,42.7512171244597,0,FALSE,NA,NA,90.2591230201584,-31.9186818709392,53.0317023701124,-1.69897000433602,58.0070244750711,-1.30102999566398,1.90308998699194,-3,0,3.43621978278357,NA,NA,NA,NA,NA,38.1776834616736,1,NA,NA,1,NA,NA,NA,NA,3.43621978278357,459.201482485944,38.1776834616736,1,NA,NA,NA,NA,NA,NA,NA,NA,NA,NA,NA,NA,NA,NA,NA,NA,NA,NA,NA,NA,NA,NA,NA,NA,NA,NA
996758,831231,"Tox21_201782",20,"mM","uM","Tox21_201782",20076,"61-82-5","Amitrole","C61825",759,"TOX21_AR_BLA_Agonist_ch1","percent_activity",15,43,3,0,0,"cnst",4,427.512171244597,42.7512171244597,1,FALSE,NA,NA,121.558664311936,-152.105035962089,44.7858388974817,-1.52287874528034,66.1398161528093,1.30102999566398,1.90308998699194,-3,0,3.75657267697838,NA,NA,NA,NA,NA,52.5972344925106,1,NA,NA,1,NA,NA,NA,NA,3.75657267697838,465.87990060158,52.5972344925106,1,NA,NA,NA,NA,NA,NA,NA,NA,NA,NA,NA,NA,NA,NA,NA,NA,NA,NA,NA,NA,NA,NA,NA,NA,NA,NA
997754,832227,"Tox21_202778",20,"mM","uM","Tox21_202778",20079,"3012-65-5","Ammonium citrate (2:1)","C3012655",759,"TOX21_AR_BLA_Agonist_ch1","percent_activity",15,45,3,0,0,"cnst",4,427.512171244597,42.7512171244597,1,FALSE,NA,NA,328.511518753558,-234.817610519483,124.571428263337,-2.69897000433602,107.25604827352,-1.39794000867204,0.698970004336019,-4.22184874961636,0,4.3215839674076,NA,NA,NA,NA,NA,103.806852524454,1,NA,NA,1,NA,NA,NA,NA,4.3215839674076,544.192745038249,103.806852524454,1,NA,NA,NA,NA,NA,NA,NA,NA,NA,NA,NA,NA,NA,NA,NA,NA,NA,NA,NA,NA,NA,NA,NA,NA,NA,NA
994200,828673,"Tox21_112866",20,"mM","uM","Tox21_112866",20081,"57-43-2","Amobarbital","C57432",759,"TOX21_AR_BLA_Agonist_ch1","percent_activity",15,45,3,0,0,"cnst",4,427.512171244597,42.7512171244597,1,FALSE,NA,NA,225.576458457588,-40.5921290396211,92.8738734935306,-1.30102999566398,107.187248306376,-1.30102999566398,1.90308998699194,-3,0,4.20538138467699,NA,NA,NA,NA,NA,85.9033407658761,1,NA,NA,1,NA,NA,NA,NA,4.20538138467699,530.190388686165,85.9033407658761,1,NA,NA,NA,NA,NA,NA,NA,NA,NA,NA,NA,NA,NA,NA,NA,NA,NA,NA,NA,NA,NA,NA,NA,NA,NA,NA
996124,830597,"Tox21_201148",20,"mM","uM","Tox21_201148",20083,"7177-48-2","Ampicillin trihydrate","C7177482",759,"TOX21_AR_BLA_Agonist_ch1","percent_activity",15,45,3,0,0,"cnst",4,427.512171244597,42.7512171244597,1,FALSE,NA,NA,8.88995413621815,-73.845529174757,-21.1881088210458,-2.69897000433602,-27.3178963960491,-2,1.90308998699194,-3,0,3.71517746882538,NA,NA,NA,NA,NA,44.0734535397755,1,NA,NA,1,NA,NA,NA,NA,3.71517746882538,478.154262200846,44.0734535397755,1,NA,NA,NA,NA,NA,NA,NA,NA,NA,NA,NA,NA,NA,NA,NA,NA,NA,NA,NA,NA,NA,NA,NA,NA,NA,NA
996977,831450,"Tox21_202001",20,"mM","uM","Tox21_202001",20086,"104-46-1","Anethole","C104461",759,"TOX21_AR_BLA_Agonist_ch1","percent_activity",15,43,3,0,0,"cnst",4,427.512171244597,42.7512171244597,0,FALSE,NA,NA,104.747269800026,-50.2400278104797,41.3170249173476,-1,43.3297410147756,-1,1.90308998699194,-3,0,3.48558405500379,NA,NA,NA,NA,NA,40.0299436463564,1,NA,NA,1,NA,NA,NA,NA,3.48558405500379,442.492370498606,40.0299436463564,1,NA,NA,NA,NA,NA,NA,NA,NA,NA,NA,NA,NA,NA,NA,NA,NA,NA,NA,NA,NA,NA,NA,NA,NA,NA,NA
992470,826943,"Tox21_111139",20,"mM","uM","Tox21_111139",20086,"104-46-1","Anethole","C104461",759,"TOX21_AR_BLA_Agonist_ch1","percent_activity",15,45,3,0,0,"cnst",4,427.512171244597,42.7512171244597,1,FALSE,NA,NA,114.971986333663,-92.8589418647283,29.8986612140895,-1.22184874961636,34.4699915435277,1.30102999566398,1.60205999132796,-3.30102999566398,0,3.68928290854186,NA,NA,NA,NA,NA,48.1772881859238,1,NA,NA,1,NA,NA,NA,NA,3.68928290854186,481.043401195741,48.1772881859238,1,NA,NA,NA,NA,NA,NA,NA,NA,NA,NA,NA,NA,NA,NA,NA,NA,NA,NA,NA,NA,NA,NA,NA,NA,NA,NA
998230,832703,"Tox21_300132",20,"mM","uM","Tox21_300132",20087,"4180-23-8","(E)-Anethole","C4180238",759,"TOX21_AR_BLA_Agonist_ch1","percent_activity",15,45,3,0,0,"cnst",4,427.512171244597,42.7512171244597,0,FALSE,NA,NA,123.395264162393,-57.8825076618871,38.2248010902374,0.477121254719662,25.8888265434841,1.90308998699194,1.90308998699194,-3,0,3.0970957654515,NA,NA,NA,NA,NA,33.1684888078594,1,NA,NA,1,NA,NA,NA,NA,3.0970957654515,434.250727534179,33.1684888078594,1,NA,NA,NA,NA,NA,NA,NA,NA,NA,NA,NA,NA,NA,NA,NA,NA,NA,NA,NA,NA,NA,NA,NA,NA,NA,NA
997258,831731,"Tox21_202282",20,"mM","uM","Tox21_202282",20087,"4180-23-8","(E)-Anethole","C4180238",759,"TOX21_AR_BLA_Agonist_ch1","percent_activity",15,43,3,0,0,"cnst",4,427.512171244597,42.7512171244597,1,FALSE,NA,NA,64.0155868034517,-183.65243959721,35.7103710998535,-3,35.7103710998535,-3,1.90308998699194,-3,0,3.17824425004896,NA,NA,NA,NA,NA,38.259698122551,1,NA,NA,1,NA,NA,NA,NA,3.17824425004896,421.604141074044,38.259698122551,1,NA,NA,NA,NA,NA,NA,NA,NA,NA,NA,NA,NA,NA,NA,NA,NA,NA,NA,NA,NA,NA,NA,NA,NA,NA,NA
996423,830896,"Tox21_201447",20,"mM","uM","Tox21_201447",20088,"15879-93-3","Chloralose","C15879933",759,"TOX21_AR_BLA_Agonist_ch1","percent_activity",15,43,3,0,0,"cnst",4,427.512171244597,42.7512171244597,0,FALSE,NA,NA,37.3822510030344,-137.316460035422,28.3954588245643,-3,28.3954588245643,-3,1.90308998699194,-3,0,3.06576035863985,NA,NA,NA,NA,NA,32.4999156690061,1,NA,NA,1,NA,NA,NA,NA,3.06576035863985,412.646813030298,32.4999156690061,1,NA,NA,NA,NA,NA,NA,NA,NA,NA,NA,NA,NA,NA,NA,NA,NA,NA,NA,NA,NA,NA,NA,NA,NA,NA,NA
1001092,835565,"Tox21_302997",20,"mM","uM","Tox21_302997",20088,"15879-93-3","Chloralose","C15879933",759,"TOX21_AR_BLA_Agonist_ch1","percent_activity",15,45,3,0,0,"cnst",4,427.512171244597,42.7512171244597,0,FALSE,NA,NA,89.5860130597321,-65.3421019271464,45.3651640261935,1.30102999566398,51.041134299526,1.30102999566398,1.90308998699194,-3,0,3.4169231607352,NA,NA,NA,NA,NA,35.4505397076625,1,NA,NA,1,NA,NA,NA,NA,3.4169231607352,454.58713053513,35.4505397076625,1,NA,NA,NA,NA,NA,NA,NA,NA,NA,NA,NA,NA,NA,NA,NA,NA,NA,NA,NA,NA,NA,NA,NA,NA,NA,NA
993039,827512,"Tox21_111708",20,"mM","uM","Tox21_111708",20088,"15879-93-3","Chloralose","C15879933",759,"TOX21_AR_BLA_Agonist_ch1","percent_activity",15,45,3,0,0,"cnst",4,427.512171244597,42.7512171244597,1,FALSE,NA,NA,129.403251395319,-56.3425150294944,97.7311864700225,1.60205999132796,100.703811004597,1.60205999132796,1.60205999132796,-3.30102999566398,0,3.96859375720696,NA,NA,NA,NA,NA,60.8639083633994,1,NA,NA,1,NA,NA,NA,NA,3.96859375720696,504.210366439525,60.8639083633994,1,NA,NA,NA,NA,NA,NA,NA,NA,NA,NA,NA,NA,NA,NA,NA,NA,NA,NA,NA,NA,NA,NA,NA,NA,NA,NA
999276,833749,"Tox21_301181",20,"mM","uM","Tox21_301181",20089,"101-05-3","Anilazine","C101053",759,"TOX21_AR_BLA_Agonist_ch1","percent_activity",15,45,3,0,0,"cnst",4,427.512171244597,42.7512171244597,1,FALSE,NA,NA,57.4211721811516,-118.011137660235,18.4562035847764,-3,33.0051060471694,-3,1.90308998699194,-3,0,3.91970428462625,NA,NA,NA,NA,NA,55.4501662996795,1,NA,NA,1,NA,NA,NA,NA,3.91970428462625,497.687588648062,55.4501662996795,1,NA,NA,NA,NA,NA,NA,NA,NA,NA,NA,NA,NA,NA,NA,NA,NA,NA,NA,NA,NA,NA,NA,NA,NA,NA,NA
995321,829794,"Tox21_200345",20,"mM","uM","Tox21_200345",20090,"62-53-3","Aniline","C62533",759,"TOX21_AR_BLA_Agonist_ch1","percent_activity",15,45,3,0,0,"cnst",4,427.512171244597,42.7512171244597,1,FALSE,NA,NA,157.203242044549,-19.9307237397916,88.4558625742412,0.845098040014257,97.910502911781,0.845098040014257,1.90308998699194,-3,0,4.17565666177567,NA,NA,NA,NA,NA,76.9197215133413,1,NA,NA,1,NA,NA,NA,NA,4.17565666177567,524.076266655941,76.9197215133413,1,NA,NA,NA,NA,NA,NA,NA,NA,NA,NA,NA,NA,NA,NA,NA,NA,NA,NA,NA,NA,NA,NA,NA,NA,NA,NA
1000964,835437,"Tox21_302869",20,"mM","uM","Tox21_302869",20091,"142-04-1","Aniline hydrochloride","C142041",759,"TOX21_AR_BLA_Agonist_ch1","percent_activity",15,45,3,0,0,"cnst",4,427.512171244597,42.7512171244597,0,FALSE,NA,NA,102.833491569682,-104.457856666938,44.3855028306979,0.845098040014257,55.8018182048072,0.477121254719662,1.90308998699194,-3,0,3.68651433137934,NA,NA,NA,NA,NA,46.8957086512816,1,NA,NA,1,NA,NA,NA,NA,3.68651433137934,479.645311522722,46.8957086512816,1,NA,NA,NA,NA,NA,NA,NA,NA,NA,NA,NA,NA,NA,NA,NA,NA,NA,NA,NA,NA,NA,NA,NA,NA,NA,NA
997280,831753,"Tox21_202304",20,"mM","uM","Tox21_202304",20091,"142-04-1","Aniline hydrochloride","C142041",759,"TOX21_AR_BLA_Agonist_ch1","percent_activity",15,43,3,0,0,"cnst",4,427.512171244597,42.7512171244597,1,FALSE,NA,NA,74.2315802570973,-74.5758048859046,19.7878434510117,-2,19.7526358950317,0,1.90308998699194,-3,0,3.32927728577603,NA,NA,NA,NA,NA,32.8220326973812,1,NA,NA,1,NA,NA,NA,NA,3.32927728577603,427.690989597169,32.8220326973812,1,NA,NA,NA,NA,NA,NA,NA,NA,NA,NA,NA,NA,NA,NA,NA,NA,NA,NA,NA,NA,NA,NA,NA,NA,NA,NA
1000902,835375,"Tox21_302807",20,"mM","uM","Tox21_302807",20092,"134-29-2","2-Methoxyaniline hydrochloride","C134292",759,"TOX21_AR_BLA_Agonist_ch1","percent_activity",15,45,3,0,0,"cnst",4,427.512171244597,42.7512171244597,0,FALSE,NA,NA,60.5048036176134,-84.0368241556462,33.165346976483,-2.30102999566398,39.8841031105192,-2.30102999566398,1.90308998699194,-3,0,3.39203408270915,NA,NA,NA,NA,NA,34.837815625085,1,NA,NA,1,NA,NA,NA,NA,3.39203408270915,453.022121489452,34.837815625085,1,NA,NA,NA,NA,NA,NA,NA,NA,NA,NA,NA,NA,NA,NA,NA,NA,NA,NA,NA,NA,NA,NA,NA,NA,NA,NA
996334,830807,"Tox21_201358",20,"mM","uM","Tox21_201358",20092,"134-29-2","2-Methoxyaniline hydrochloride","C134292",759,"TOX21_AR_BLA_Agonist_ch1","percent_activity",15,43,3,0,0,"cnst",4,427.512171244597,42.7512171244597,1,FALSE,NA,NA,58.6803697944531,-122.077694564884,31.7247103125712,1.30102999566398,47.1024969206038,1.30102999566398,1.90308998699194,-3,0,3.48627562594264,NA,NA,NA,NA,NA,38.9410632649097,1,NA,NA,1,NA,NA,NA,NA,3.48627562594264,441.007861459952,38.9410632649097,1,NA,NA,NA,NA,NA,NA,NA,NA,NA,NA,NA,NA,NA,NA,NA,NA,NA,NA,NA,NA,NA,NA,NA,NA,NA,NA
996474,830947,"Tox21_201498",20,"mM","uM","Tox21_201498",20093,"20265-97-8","4-Methoxyaniline hydrochloride","C20265978",759,"TOX21_AR_BLA_Agonist_ch1","percent_activity",15,43,3,1,0,"gnls",24,427.512171244597,42.7512171244597,0,FALSE,NA,NA,186.945089784692,-28.8678428197549,122.649700641229,1.90308998699194,131.725052674901,1.90308998699194,1.90308998699194,-3,0.999999999957878,3.74059350112149,79.1343759363236,-4.80292798040957,4.10947549783132,3.51373178978258,16.7152982181139,50.9341102767605,0.951374048285098,NA,NA,1,1,1,1,0,4.45842474671848,522.298756615594,95.8362986371318,4.21222373567348e-11,126.099310745648,NA,-0.766602118367765,NA,0.300000000193575,NA,3.89840932541074,NA,480.565061803825,57.95352527557,0.0486259516727798,79.1343759363236,NA,-4.80292798040957,NA,4.10947549783132,NA,3.51373178978258,NA,16.7152982181139,NA,3.74059350112149,NA,474.617561938213,50.9341102767605,0.951374048285098
1001004,835477,"Tox21_302909",20,"mM","uM","Tox21_302909",20093,"20265-97-8","4-Methoxyaniline hydrochloride","C20265978",759,"TOX21_AR_BLA_Agonist_ch1","percent_activity",15,45,3,0,0,"cnst",4,427.512171244597,42.7512171244597,1,FALSE,NA,NA,121.376750338871,-141.011370570701,49.7288470686498,1.90308998699194,60.0642681215809,1.30102999566398,1.90308998699194,-3,0,3.89434948030876,NA,NA,NA,NA,NA,56.5817001915466,1,NA,NA,1,NA,NA,NA,NA,3.89434948030876,497.177819270585,56.5817001915466,1,NA,NA,NA,NA,NA,NA,NA,NA,NA,NA,NA,NA,NA,NA,NA,NA,NA,NA,NA,NA,NA,NA,NA,NA,NA,NA
995679,830152,"Tox21_200703",20,"mM","uM","Tox21_200703",20094,"118-92-3","Anthranilic acid","C118923",759,"TOX21_AR_BLA_Agonist_ch1","percent_activity",15,45,3,0,0,"cnst",4,427.512171244597,42.7512171244597,0,FALSE,NA,NA,143.290965321565,-73.8504248211939,59.56666516675,-1,63.6804020421323,-1,1.90308998699194,-3,0,3.42540497786823,NA,NA,NA,NA,NA,43.7302985205451,1,NA,NA,1,NA,NA,NA,NA,3.42540497786823,463.959913041817,43.7302985205451,1,NA,NA,NA,NA,NA,NA,NA,NA,NA,NA,NA,NA,NA,NA,NA,NA,NA,NA,NA,NA,NA,NA,NA,NA,NA,NA
992426,826899,"Tox21_111095",20,"mM","uM","Tox21_111095",20094,"118-92-3","Anthranilic acid","C118923",759,"TOX21_AR_BLA_Agonist_ch1","percent_activity",15,45,3,0,0,"cnst",4,427.512171244597,42.7512171244597,1,FALSE,NA,NA,139.056672497909,-95.4014375057541,67.438053474084,0.301029995663981,102.31363294546,0.301029995663981,1.60205999132796,-3.30102999566398,0,4.07685041783721,NA,NA,NA,NA,NA,69.7988707967419,1,NA,NA,1,NA,NA,NA,NA,4.07685041783721,515.341583388415,69.7988707967419,1,NA,NA,NA,NA,NA,NA,NA,NA,NA,NA,NA,NA,NA,NA,NA,NA,NA,NA,NA,NA,NA,NA,NA,NA,NA,NA
992700,827173,"Tox21_111369",20,"mM","uM","Tox21_111369",20095,"84-65-1","Anthraquinone","C84651",759,"TOX21_AR_BLA_Agonist_ch1","percent_activity",15,45,3,0,0,"cnst",4,427.512171244597,42.7512171244597,1,FALSE,NA,NA,142.774202706808,-166.212040122231,44.7525706876076,-1.22184874961636,49.9966155505626,-1.22184874961636,1.60205999132796,-3.30102999566398,0,4.08889740585779,NA,NA,NA,NA,NA,73.7926171528183,1,NA,NA,1,NA,NA,NA,NA,4.08889740585779,518.413324809136,73.7926171528183,1,NA,NA,NA,NA,NA,NA,NA,NA,NA,NA,NA,NA,NA,NA,NA,NA,NA,NA,NA,NA,NA,NA,NA,NA,NA,NA
995374,829847,"Tox21_200398",20,"mM","uM","Tox21_200398",20097,"140-57-8","Aramite","C140578",759,"TOX21_AR_BLA_Agonist_ch1","percent_activity",15,45,3,0,0,"cnst",4,427.512171244597,42.7512171244597,1,FALSE,NA,NA,122.300326094107,-50.2670024308688,38.7379592892801,0.477121254719662,35.3301190672463,1.90308998699194,1.90308998699194,-3,0,3.27233789809252,NA,NA,NA,NA,NA,33.2503248766046,1,NA,NA,1,NA,NA,NA,NA,3.27233789809252,443.722019071108,33.2503248766046,1,NA,NA,NA,NA,NA,NA,NA,NA,NA,NA,NA,NA,NA,NA,NA,NA,NA,NA,NA,NA,NA,NA,NA,NA,NA,NA
995002,829475,"Tox21_200026",20,"mM","uM","Tox21_200026",20099,"10190-99-5","Sodium aristolochate-I","C10190995",759,"TOX21_AR_BLA_Agonist_ch1","percent_activity",15,45,3,0,0,"cnst",4,427.512171244597,42.7512171244597,1,FALSE,NA,NA,121.670456188311,-72.1063151639566,44.5569240740402,-2.30102999566398,50.2182379307811,-3,1.90308998699194,-3,0,3.7801646218005,NA,NA,NA,NA,NA,51.727871027637,1,NA,NA,1,NA,NA,NA,NA,3.7801646218005,488.163202960051,51.727871027637,1,NA,NA,NA,NA,NA,NA,NA,NA,NA,NA,NA,NA,NA,NA,NA,NA,NA,NA,NA,NA,NA,NA,NA,NA,NA,NA
995159,829632,"Tox21_200183",20,"mM","uM","Tox21_200183",20101,"11096-82-5","Aroclor 1260","C11096825",759,"TOX21_AR_BLA_Agonist_ch1","percent_activity",15,45,3,0,0,"cnst",4,427.512171244597,42.7512171244597,1,FALSE,NA,NA,43.6821661849876,-124.040065996206,34.5391921519162,-2.69897000433602,36.4251751297594,-2.69897000433602,1.84509804001426,-3.04575749056068,0,3.16034901001368,NA,NA,NA,NA,NA,32.8593306960607,1,NA,NA,1,NA,NA,NA,NA,3.16034901001368,437.907517916187,32.8593306960607,1,NA,NA,NA,NA,NA,NA,NA,NA,NA,NA,NA,NA,NA,NA,NA,NA,NA,NA,NA,NA,NA,NA,NA,NA,NA,NA
993588,828061,"Tox21_112255",20,"mM","uM","Tox21_112255",20103,"1327-53-3","Arsenic trioxide","C1327533",759,"TOX21_AR_BLA_Agonist_ch1","percent_activity",15,45,3,0,0,"cnst",4,427.512171244597,42.7512171244597,1,FALSE,NA,NA,71.5917914064816,-108.130513461779,59.6142289832722,1.60205999132796,69.229785023555,1.60205999132796,1.60205999132796,-3.30102999566398,0,3.91802393846295,NA,NA,NA,NA,NA,55.5611296642286,1,NA,NA,1,NA,NA,NA,NA,3.91802393846295,497.735539962596,55.5611296642286,1,NA,NA,NA,NA,NA,NA,NA,NA,NA,NA,NA,NA,NA,NA,NA,NA,NA,NA,NA,NA,NA,NA,NA,NA,NA,NA
998651,833124,"Tox21_300556",20,"mM","uM","Tox21_300556",20105,"134-03-2","Sodium L-ascorbate","C134032",759,"TOX21_AR_BLA_Agonist_ch1","percent_activity",15,45,3,0,0,"cnst",4,427.512171244597,42.7512171244597,1,FALSE,NA,NA,68.8644610019969,-57.4524799463587,19.5740128596944,0.477121254719662,25.1086833399084,1.47712125471966,1.90308998699194,-3,0,3.1610464302687,NA,NA,NA,NA,NA,29.0098453570692,1,NA,NA,1,NA,NA,NA,NA,3.1610464302687,434.812226861946,29.0098453570692,1,NA,NA,NA,NA,NA,NA,NA,NA,NA,NA,NA,NA,NA,NA,NA,NA,NA,NA,NA,NA,NA,NA,NA,NA,NA,NA
993436,827909,"Tox21_112104",20,"mM","uM","Tox21_112104",20106,"50-81-7","L-Ascorbic acid","C50817",759,"TOX21_AR_BLA_Agonist_ch1","percent_activity",15,45,3,0,0,"cnst",4,427.512171244597,42.7512171244597,0,FALSE,NA,NA,118.44302643822,-65.1994320272695,63.0316758719549,1.30102999566398,45.9733238095128,1.60205999132796,1.60205999132796,-3.30102999566398,0,3.49518680774153,NA,NA,NA,NA,NA,43.2253245533762,1,NA,NA,1,NA,NA,NA,NA,3.49518680774153,466.876701520092,43.2253245533762,1,NA,NA,NA,NA,NA,NA,NA,NA,NA,NA,NA,NA,NA,NA,NA,NA,NA,NA,NA,NA,NA,NA,NA,NA,NA,NA
997103,831576,"Tox21_202127",20,"mM","uM","Tox21_202127",20106,"50-81-7","L-Ascorbic acid","C50817",759,"TOX21_AR_BLA_Agonist_ch1","percent_activity",15,43,3,0,0,"cnst",4,427.512171244597,42.7512171244597,0,FALSE,NA,NA,149.008679206084,-136.948025314482,45.9789750537736,-1.69897000433602,70.7608103151119,0.845098040014257,1.90308998699194,-3,0,3.7718079675716,NA,NA,NA,NA,NA,56.8505343208197,1,NA,NA,1,NA,NA,NA,NA,3.7718079675716,470.500811937582,56.8505343208197,1,NA,NA,NA,NA,NA,NA,NA,NA,NA,NA,NA,NA,NA,NA,NA,NA,NA,NA,NA,NA,NA,NA,NA,NA,NA,NA
1001053,835526,"Tox21_302958",20,"mM","uM","Tox21_302958",20106,"50-81-7","L-Ascorbic acid","C50817",759,"TOX21_AR_BLA_Agonist_ch1","percent_activity",15,45,3,0,0,"cnst",4,427.512171244597,42.7512171244597,0,FALSE,NA,NA,63.7250834324921,-37.3017675014823,38.3499444477941,0.477121254719662,49.2286147299305,0.845098040014257,1.90308998699194,-3,0,3.22609505435987,NA,NA,NA,NA,NA,29.3491883897484,1,NA,NA,1,NA,NA,NA,NA,3.22609505435987,437.828770889807,29.3491883897484,1,NA,NA,NA,NA,NA,NA,NA,NA,NA,NA,NA,NA,NA,NA,NA,NA,NA,NA,NA,NA,NA,NA,NA,NA,NA,NA
991646,826119,"Tox21_110315",20,"mM","uM","Tox21_110315",20106,"50-81-7","L-Ascorbic acid","C50817",759,"TOX21_AR_BLA_Agonist_ch1","percent_activity",15,45,3,0,0,"cnst",4,427.512171244597,42.7512171244597,1,FALSE,NA,NA,139.133793030602,-57.7320270091354,61.978970381811,-1,51.3962053423036,-1,1.60205999132796,-3.30102999566398,0,3.37150472784969,NA,NA,NA,NA,NA,38.4934691827785,1,NA,NA,1,NA,NA,NA,NA,3.37150472784969,454.964595858464,38.4934691827785,1,NA,NA,NA,NA,NA,NA,NA,NA,NA,NA,NA,NA,NA,NA,NA,NA,NA,NA,NA,NA,NA,NA,NA,NA,NA,NA
992790,827263,"Tox21_111459",20,"mM","uM","Tox21_111459",20107,"22839-47-0","Aspartame","C22839470",759,"TOX21_AR_BLA_Agonist_ch1","percent_activity",15,45,3,0,0,"cnst",4,427.512171244597,42.7512171244597,0,FALSE,NA,NA,208.581727346854,-65.461703583581,61.5084174895199,-2.69897000433602,52.5076324855086,0.477121254719662,1.60205999132796,-3.30102999566398,0,3.64958799568087,NA,NA,NA,NA,NA,53.5449486514551,1,NA,NA,1,NA,NA,NA,NA,3.64958799568087,481.880553544184,53.5449486514551,1,NA,NA,NA,NA,NA,NA,NA,NA,NA,NA,NA,NA,NA,NA,NA,NA,NA,NA,NA,NA,NA,NA,NA,NA,NA,NA
997291,831764,"Tox21_202315",20,"mM","uM","Tox21_202315",20107,"22839-47-0","Aspartame","C22839470",759,"TOX21_AR_BLA_Agonist_ch1","percent_activity",15,43,3,0,0,"cnst",4,427.512171244597,42.7512171244597,0,FALSE,NA,NA,99.2644857814839,-73.9027019351174,15.9440485036726,-0.221848749616356,14.4321642043532,-1.69897000433602,1.90308998699194,-3,0,3.41708381381522,NA,NA,NA,NA,NA,35.6178270859464,1,NA,NA,1,NA,NA,NA,NA,3.41708381381522,434.628825519995,35.6178270859464,1,NA,NA,NA,NA,NA,NA,NA,NA,NA,NA,NA,NA,NA,NA,NA,NA,NA,NA,NA,NA,NA,NA,NA,NA,NA,NA
1001060,835533,"Tox21_302965",20,"mM","uM","Tox21_302965",20107,"22839-47-0","Aspartame","C22839470",759,"TOX21_AR_BLA_Agonist_ch1","percent_activity",15,45,3,0,0,"cnst",4,427.512171244597,42.7512171244597,0,FALSE,NA,NA,86.7434876876919,-23.8137225502456,61.4215239507899,-0.522878745280338,65.336898936641,0.477121254719662,1.84509804001426,-3.04575749056068,0,3.50292060426351,NA,NA,NA,NA,NA,40.0641091974793,1,NA,NA,1,NA,NA,NA,NA,3.50292060426351,464.582901468073,40.0641091974793,1,NA,NA,NA,NA,NA,NA,NA,NA,NA,NA,NA,NA,NA,NA,NA,NA,NA,NA,NA,NA,NA,NA,NA,NA,NA,NA
992411,826884,"Tox21_111080",20,"mM","uM","Tox21_111080",20107,"22839-47-0","Aspartame","C22839470",759,"TOX21_AR_BLA_Agonist_ch1","percent_activity",15,45,3,0,0,"cnst",4,427.512171244597,42.7512171244597,1,FALSE,NA,NA,105.431374587558,-47.6834404788295,59.0398701755067,0.301029995663981,76.9744909545076,0.301029995663981,1.60205999132796,-3.30102999566398,0,3.84106431868656,NA,NA,NA,NA,NA,54.5729688092269,1,NA,NA,1,NA,NA,NA,NA,3.84106431868656,493.694815617911,54.5729688092269,1,NA,NA,NA,NA,NA,NA,NA,NA,NA,NA,NA,NA,NA,NA,NA,NA,NA,NA,NA,NA,NA,NA,NA,NA,NA,NA
997093,831566,"Tox21_202117",20,"mM","uM","Tox21_202117",20108,"50-78-2","Aspirin","C50782",759,"TOX21_AR_BLA_Agonist_ch1","percent_activity",15,43,3,0,0,"cnst",4,427.512171244597,42.7512171244597,0,FALSE,NA,NA,138.132553420332,-101.827862629977,37.7060586330176,-2.30102999566398,56.2133506673695,-2,1.90308998699194,-3,0,3.67448780384483,NA,NA,NA,NA,NA,49.7684830439638,1,NA,NA,1,NA,NA,NA,NA,3.67448780384483,460.403759651272,49.7684830439638,1,NA,NA,NA,NA,NA,NA,NA,NA,NA,NA,NA,NA,NA,NA,NA,NA,NA,NA,NA,NA,NA,NA,NA,NA,NA,NA
998244,832717,"Tox21_300146",20,"mM","uM","Tox21_300146",20108,"50-78-2","Aspirin","C50782",759,"TOX21_AR_BLA_Agonist_ch1","percent_activity",15,45,3,0,0,"cnst",4,427.512171244597,42.7512171244597,0,FALSE,NA,NA,41.1674034834168,-59.1326952095162,12.4975371159701,0,8.91932043379177,0.845098040014257,1.90308998699194,-3,0,2.91456309075604,NA,NA,NA,NA,NA,23.3548409196662,1,NA,NA,1,NA,NA,NA,NA,2.91456309075604,413.471963692468,23.3548409196662,1,NA,NA,NA,NA,NA,NA,NA,NA,NA,NA,NA,NA,NA,NA,NA,NA,NA,NA,NA,NA,NA,NA,NA,NA,NA,NA
991407,825880,"Tox21_110076",20,"mM","uM","Tox21_110076",20108,"50-78-2","Aspirin","C50782",759,"TOX21_AR_BLA_Agonist_ch1","percent_activity",15,45,3,0,0,"cnst",4,427.512171244597,42.7512171244597,1,FALSE,NA,NA,106.032288836882,-28.3760452516285,64.8712464726714,-3,72.0549244686187,-3,1.60205999132796,-3.30102999566398,0,3.8322276827821,NA,NA,NA,NA,NA,49.4568836176884,1,NA,NA,1,NA,NA,NA,NA,3.8322276827821,488.3811353282,49.4568836176884,1,NA,NA,NA,NA,NA,NA,NA,NA,NA,NA,NA,NA,NA,NA,NA,NA,NA,NA,NA,NA,NA,NA,NA,NA,NA,NA
992011,826484,"Tox21_110680",20,"mM","uM","Tox21_110680",20110,"68844-77-9","Astemizole","C68844779",759,"TOX21_AR_BLA_Agonist_ch1","percent_activity",15,45,3,0,0,"cnst",4,427.512171244597,42.7512171244597,0,TRUE,NA,NA,117.438031020356,-109.033889321306,64.9781865949051,-1.22184874961636,77.2156497951776,-1.22184874961636,1.60205999132796,-3.30102999566398,0,3.84474090490279,NA,NA,NA,NA,NA,53.9099216909224,1,NA,NA,1,NA,NA,NA,NA,3.84474090490279,493.086835800309,53.9099216909224,1,NA,NA,NA,NA,NA,NA,NA,NA,NA,NA,NA,NA,NA,NA,NA,NA,NA,NA,NA,NA,NA,NA,NA,NA,NA,NA
995071,829544,"Tox21_200095",20,"mM","uM","Tox21_200095",20110,"68844-77-9","Astemizole","C68844779",759,"TOX21_AR_BLA_Agonist_ch1","percent_activity",15,45,3,2,1,"hill",37,427.512171244597,42.7512171244597,1,TRUE,"11","Borderline active",487.664631840527,-95.6231028747028,445.673250697328,1.77815125038364,444.236957771512,1.77815125038364,1.77815125038364,-3.09691001300806,1,3.06497647801289,448.170216964766,1.52035079137885,7.99998430708704,NA,NA,28.3857909711557,0.880801071252256,1.68483352019442,1.4707298202215,1,1,1,1,0,3.61071180185156,514.715249046579,123.792300442193,2.3756269090859e-18,448.170216964766,19.5953848015632,1.52035079137885,0.0160408366510084,7.99998430708704,2.72629773671879,3.06497647801289,0.138165546593566,433.80655538224,28.3857909711557,0.880801071252256,448.002422931914,NA,1.52031925808906,NA,7.99999402018009,NA,3.77790246011085,NA,5.6342808428489,NA,3.06500212286082,NA,437.806631450357,28.3863508426758,0.119198928747743
999116,833589,"Tox21_301021",20,"mM","uM","Tox21_301021",20112,"1912-24-9","Atrazine","C1912249",759,"TOX21_AR_BLA_Agonist_ch1","percent_activity",15,45,3,0,0,"cnst",4,427.512171244597,42.7512171244597,0,FALSE,NA,NA,72.5655710371025,-63.0161774665678,52.4227155973705,1.47712125471966,52.4691336998441,1.47712125471966,1.90308998699194,-3,0,3.44621962983938,NA,NA,NA,NA,NA,36.7688581813757,1,NA,NA,1,NA,NA,NA,NA,3.44621962983938,458.16930301613,36.7688581813757,1,NA,NA,NA,NA,NA,NA,NA,NA,NA,NA,NA,NA,NA,NA,NA,NA,NA,NA,NA,NA,NA,NA,NA,NA,NA,NA
996962,831435,"Tox21_201986",20,"mM","uM","Tox21_201986",20112,"1912-24-9","Atrazine","C1912249",759,"TOX21_AR_BLA_Agonist_ch1","percent_activity",15,43,3,0,0,"cnst",4,427.512171244597,42.7512171244597,1,FALSE,NA,NA,140.505568097212,-229.750470830854,66.2318585830125,-1,61.5805025908491,-1,1.90308998699194,-3,0,3.71136262542546,NA,NA,NA,NA,NA,60.6715818518152,1,NA,NA,1,NA,NA,NA,NA,3.71136262542546,468.965807121543,60.6715818518152,1,NA,NA,NA,NA,NA,NA,NA,NA,NA,NA,NA,NA,NA,NA,NA,NA,NA,NA,NA,NA,NA,NA,NA,NA,NA,NA
